2017-10-02 19:52:46, 74
2017-10-02 19:57:46, 73
2017-10-02 20:02:46, 70
2017-10-02 20:07:47, 74
2017-10-02 20:12:47, 78
2017-10-02 20:17:47, 75
2017-10-02 20:22:47, 73
2017-10-02 20:27:47, 69
2017-10-02 20:32:48, 70
2017-10-02 20:37:48, 74
2017-10-02 20:42:48, 76
2017-10-02 20:47:48, 80
2017-10-02 20:52:48, 80
2017-10-02 20:57:48, 78
2017-10-02 21:02:48, 75
2017-10-02 21:07:49, 84
2017-10-02 21:12:49, 83
2017-10-02 21:17:49, 83
2017-10-02 21:22:49, 84
2017-10-02 21:27:49, 80
2017-10-02 21:32:49, 81
2017-10-02 23:29:00, 22
2017-10-02 23:34:00, 22
2017-10-02 23:39:00, 22
2017-10-02 23:44:00, 22
2017-10-02 23:49:00, 22
2017-10-02 23:54:01, 22
2017-10-02 23:59:01, 22
2017-10-03 00:04:01, 22
2017-10-03 00:09:01, 22
2017-10-03 00:14:01, 22
2017-10-03 00:19:01, 22
2017-10-03 00:24:01, 21
2017-10-03 00:29:02, 21
2017-10-03 00:34:02, 21
2017-10-03 00:39:02, 21
2017-10-03 00:44:02, 21
2017-10-03 00:49:02, 21
2017-10-03 00:54:02, 21
2017-10-03 00:59:02, 22
2017-10-03 01:04:02, 22
2017-10-03 01:09:03, 22
2017-10-03 01:14:03, 22
2017-10-03 01:19:03, 22
2017-10-03 01:24:03, 23
2017-10-03 01:29:03, 22
2017-10-03 01:34:03, 22
2017-10-03 01:39:03, 20
2017-10-03 01:44:03, 21
2017-10-03 01:49:04, 20
2017-10-03 01:54:04, 20
2017-10-03 01:59:04, 20
2017-10-03 02:04:04, 20
2017-10-03 02:09:04, 20
2017-10-03 02:14:04, 20
2017-10-03 02:19:04, 20
2017-10-03 02:24:04, 20
2017-10-03 02:29:04, 20
2017-10-03 02:34:05, 20
2017-10-03 02:39:05, 20
2017-10-03 02:44:05, 20
2017-10-03 02:49:05, 20
2017-10-03 02:54:05, 20
2017-10-03 02:59:05, 20
2017-10-03 03:04:05, 20
2017-10-03 03:09:05, 20
2017-10-03 03:14:06, 20
2017-10-03 03:19:06, 20
2017-10-03 03:24:06, 20
2017-10-03 03:29:06, 20
2017-10-03 03:34:06, 20
2017-10-03 03:39:06, 20
2017-10-03 03:44:06, 20
2017-10-03 03:49:06, 20
2017-10-03 03:54:07, 20
2017-10-03 03:59:07, 20
2017-10-03 04:04:07, 20
2017-10-03 04:09:07, 20
2017-10-03 04:14:07, 20
2017-10-03 04:19:07, 20
2017-10-03 04:24:07, 20
2017-10-03 04:29:08, 20
2017-10-03 04:34:08, 20
2017-10-03 04:39:08, 20
2017-10-03 04:44:08, 20
2017-10-03 04:49:08, 20
2017-10-03 04:54:08, 20
2017-10-03 04:59:08, 20
2017-10-03 05:04:08, 20
2017-10-03 05:09:09, 20
2017-10-03 05:14:09, 20
2017-10-03 05:19:09, 20
2017-10-03 05:24:09, 20
2017-10-03 05:29:09, 20
2017-10-03 05:34:09, 20
2017-10-03 05:39:09, 20
2017-10-03 05:44:09, 20
2017-10-03 05:49:10, 20
2017-10-03 05:54:10, 20
2017-10-03 05:59:10, 20
2017-10-03 06:04:10, 20
2017-10-03 06:09:10, 20
2017-10-03 06:14:10, 20
2017-10-03 06:19:10, 20
2017-10-03 06:24:10, 20
2017-10-03 06:29:11, 20
2017-10-03 06:34:11, 10
2017-10-03 06:39:11, 14
2017-10-03 06:44:11, 19
2017-10-03 06:49:11, 21
2017-10-03 06:54:11, 25
2017-10-03 06:59:11, 31
2017-10-03 07:04:18, 38
2017-10-03 07:09:19, 44
2017-10-03 07:14:19, 45
2017-10-03 07:19:19, 50
2017-10-03 07:24:19, 44
2017-10-03 07:29:19, 44
2017-10-03 07:34:19, 46
2017-10-03 07:39:19, 44
2017-10-03 07:44:19, 44
2017-10-03 07:49:20, 42
2017-10-03 07:54:20, 43
2017-10-03 07:59:20, 41
2017-10-03 08:04:20, 35
2017-10-03 08:09:20, 37
2017-10-03 08:14:20, 35
2017-10-03 08:19:20, 37
2017-10-03 08:24:20, 34
2017-10-03 08:29:21, 30
2017-10-03 08:34:21, 37
2017-10-03 08:39:21, 37
2017-10-03 08:44:21, 39
2017-10-03 08:49:21, 43
2017-10-03 08:54:21, 43
2017-10-03 08:59:21, 41
2017-10-03 09:04:21, 37
2017-10-03 09:09:21, 36
2017-10-03 09:14:21, 37
2017-10-03 09:19:22, 43
2017-10-03 09:24:22, 48
2017-10-03 09:29:22, 53
2017-10-03 09:34:22, 61
2017-10-03 09:39:22, 64
2017-10-03 09:44:22, 62
2017-10-03 09:49:22, 58
2017-10-03 09:54:23, 58
2017-10-03 09:59:23, 59
2017-10-03 10:04:23, 55
2017-10-03 10:09:23, 56
2017-10-03 10:14:23, 55
2017-10-03 10:19:24, 54
2017-10-03 10:24:24, 57
2017-10-03 10:29:24, 56
2017-10-03 10:34:24, 48
2017-10-03 10:39:24, 43
2017-10-03 10:44:24, 43
2017-10-03 10:49:24, 44
2017-10-03 10:54:24, 40
2017-10-03 10:59:25, 37
2017-10-03 11:04:25, 34
2017-10-03 11:09:25, 38
2017-10-03 11:14:25, 46
2017-10-03 11:19:25, 47
2017-10-03 11:24:25, 48
2017-10-03 11:29:25, 46
2017-10-03 11:34:25, 45
2017-10-03 11:39:26, 47
2017-10-03 11:44:26, 45
2017-10-03 11:49:26, 46
2017-10-03 11:54:26, 47
2017-10-03 11:59:26, 44
2017-10-03 12:04:26, 41
2017-10-03 12:09:26, 43
2017-10-03 12:14:26, 35
2017-10-03 12:19:27, 32
2017-10-03 12:24:27, 35
2017-10-03 12:29:27, 33
2017-10-03 12:34:27, 32
2017-10-03 12:39:27, 33
2017-10-03 12:44:27, 33
2017-10-03 12:49:28, 32
2017-10-03 12:54:28, 36
2017-10-03 12:59:28, 38
2017-10-03 13:04:28, 41
2017-10-03 13:09:28, 42
2017-10-03 13:14:28, 43
2017-10-03 13:19:28, 49
2017-10-03 13:24:29, 51
2017-10-03 13:29:29, 48
2017-10-03 13:34:29, 48
2017-10-03 13:39:29, 47
2017-10-03 13:44:29, 45
2017-10-03 13:49:30, 44
2017-10-03 13:54:31, 41
2017-10-03 13:59:31, 40
2017-10-03 14:04:32, 38
2017-10-03 14:09:32, 31
2017-10-03 14:14:32, 29
2017-10-03 14:19:32, 24
2017-10-03 14:24:33, 27
2017-10-03 14:29:33, 33
2017-10-03 14:34:33, 32
2017-10-03 14:39:33, 38
2017-10-03 14:44:33, 41
2017-10-03 14:49:34, 37
2017-10-03 14:54:34, 39
2017-10-03 14:59:34, 41
2017-10-03 15:04:34, 42
2017-10-03 15:09:34, 44
2017-10-03 15:14:34, 50
2017-10-03 15:19:35, 59
2017-10-03 15:24:35, 60
2017-10-03 15:29:35, 62
2017-10-03 15:34:35, 67
2017-10-03 15:39:35, 64
2017-10-03 15:44:35, 66
2017-10-03 15:49:35, 62
2017-10-03 15:54:37, 62
2017-10-03 15:59:37, 59
2017-10-03 16:04:37, 56
2017-10-03 16:09:37, 59
2017-10-03 16:14:37, 53
2017-10-03 16:19:37, 54
2017-10-03 16:24:37, 58
2017-10-03 16:29:38, 59
2017-10-03 16:34:38, 65
2017-10-03 16:39:38, 66
2017-10-03 16:44:38, 67
2017-10-03 16:49:38, 67
2017-10-03 16:54:38, 62
2017-10-03 16:59:38, 63
2017-10-03 17:04:39, 63
2017-10-03 17:09:39, 64
2017-10-03 17:14:39, 63
2017-10-03 17:19:39, 75
2017-10-03 17:24:39, 81
2017-10-03 17:29:39, 84
2017-10-03 17:34:39, 90
2017-10-03 17:39:39, 92
2017-10-03 17:44:40, 92
2017-10-03 17:49:40, 92
2017-10-03 17:54:40, 92
2017-10-03 17:59:40, 92
2017-10-03 18:04:40, 92
2017-10-03 18:09:40, 92
2017-10-03 18:14:40, 92
2017-10-03 18:19:41, 92
2017-10-03 18:24:41, 92
2017-10-03 18:29:41, 92
2017-10-03 18:34:41, 92
2017-10-03 18:39:41, 92
2017-10-03 18:44:41, 92
2017-10-03 18:49:41, 92
2017-10-03 18:54:41, 92
2017-10-03 18:59:42, 92
2017-10-03 19:04:42, 92
2017-10-03 19:09:42, 92
2017-10-03 19:14:42, 92
2017-10-03 19:19:42, 92
2017-10-03 19:24:42, 92
2017-10-03 19:29:42, 92
2017-10-03 19:34:43, 92
2017-10-03 19:39:43, 92
2017-10-03 19:44:43, 92
2017-10-03 19:49:43, 92
2017-10-03 19:54:44, 92
2017-10-03 19:59:44, 92
2017-10-03 20:04:44, 92
2017-10-03 20:09:44, 92
2017-10-03 20:14:44, 92
2017-10-03 20:19:44, 92
2017-10-03 20:24:44, 92
2017-10-03 20:29:44, 92
2017-10-03 20:34:44, 92
2017-10-03 20:39:45, 92
2017-10-03 20:44:45, 92
2017-10-03 20:49:45, 92
2017-10-03 20:54:45, 92
2017-10-03 20:59:45, 92
2017-10-03 21:04:45, 92
2017-10-03 21:09:45, 92
2017-10-03 21:14:45, 92
2017-10-03 21:19:46, 92
2017-10-03 21:24:46, 92
2017-10-03 21:29:46, 92
2017-10-03 21:34:46, 92
2017-10-03 21:39:46, 92
2017-10-03 21:44:46, 92
2017-10-03 21:49:46, 92
2017-10-03 21:54:47, 92
2017-10-03 21:59:47, 92
2017-10-03 22:04:47, 92
2017-10-03 22:09:47, 92
2017-10-03 22:14:47, 92
2017-10-03 22:19:47, 92
2017-10-03 22:24:47, 92
2017-10-03 22:29:48, 92
2017-10-03 22:34:48, 92
2017-10-03 22:39:48, 92
2017-10-03 22:44:48, 92
2017-10-03 22:49:48, 92
2017-10-03 22:54:48, 92
2017-10-03 22:59:49, 92
2017-10-03 23:04:49, 92
2017-10-03 23:09:49, 92
2017-10-03 23:14:49, 92
2017-10-03 23:19:49, 92
2017-10-03 23:24:49, 92
2017-10-03 23:29:49, 92
2017-10-03 23:34:49, 92
2017-10-03 23:39:49, 92
2017-10-03 23:44:50, 92
2017-10-03 23:49:50, 92
2017-10-03 23:54:50, 92
2017-10-03 23:59:50, 92
2017-10-04 00:04:50, 92
2017-10-04 00:09:50, 92
2017-10-04 00:14:50, 92
2017-10-04 00:19:51, 92
2017-10-04 00:24:51, 92
2017-10-04 00:29:51, 92
2017-10-04 00:34:51, 92
2017-10-04 00:39:51, 92
2017-10-04 00:44:51, 92
2017-10-04 00:49:51, 92
2017-10-04 00:54:51, 92
2017-10-04 00:59:51, 92
2017-10-04 01:04:52, 92
2017-10-04 01:09:52, 92
2017-10-04 01:14:52, 92
2017-10-04 01:19:52, 92
2017-10-04 01:24:52, 92
2017-10-04 01:29:52, 92
2017-10-04 01:34:52, 92
2017-10-04 01:39:53, 92
2017-10-04 01:44:53, 92
2017-10-04 01:49:53, 92
2017-10-04 01:54:53, 92
2017-10-04 01:59:53, 92
2017-10-04 02:04:54, 92
2017-10-04 02:09:54, 92
2017-10-04 02:14:54, 92
2017-10-04 02:19:54, 92
2017-10-04 02:24:54, 92
2017-10-04 02:29:54, 92
2017-10-04 02:34:54, 92
2017-10-04 02:39:54, 92
2017-10-04 02:44:55, 92
2017-10-04 02:49:55, 92
2017-10-04 02:54:55, 92
2017-10-04 02:59:55, 92
2017-10-04 03:04:55, 92
2017-10-04 03:09:55, 92
2017-10-04 03:14:55, 92
2017-10-04 03:19:55, 92
2017-10-04 03:24:57, 92
2017-10-04 03:29:57, 92
2017-10-04 03:34:57, 92
2017-10-04 03:39:57, 92
2017-10-04 03:44:57, 92
2017-10-04 03:49:57, 92
2017-10-04 03:54:58, 92
2017-10-04 03:59:58, 92
2017-10-04 04:04:58, 92
2017-10-04 04:09:58, 92
2017-10-04 04:14:58, 92
2017-10-04 04:19:58, 92
2017-10-04 04:24:58, 92
2017-10-04 04:29:58, 92
2017-10-04 04:34:59, 92
2017-10-04 04:39:59, 92
2017-10-04 04:44:59, 92
2017-10-04 04:49:59, 92
2017-10-04 04:54:59, 92
2017-10-04 04:59:59, 92
2017-10-04 05:04:59, 92
2017-10-04 05:09:59, 92
2017-10-04 05:15:00, 92
2017-10-04 05:20:00, 92
2017-10-04 05:25:00, 92
2017-10-04 05:30:00, 92
2017-10-04 05:35:00, 92
2017-10-04 05:40:00, 92
2017-10-04 05:45:00, 92
2017-10-04 05:50:01, 92
2017-10-04 05:55:01, 92
2017-10-04 06:00:01, 92
2017-10-04 06:05:01, 92
2017-10-04 06:10:01, 92
2017-10-04 06:15:01, 92
2017-10-04 06:20:01, 92
2017-10-04 06:25:01, 92
2017-10-04 06:30:01, 92
2017-10-04 06:35:02, 92
2017-10-04 06:40:02, 92
2017-10-04 06:45:02, 92
2017-10-04 06:50:02, 92
2017-10-04 06:55:02, 92
2017-10-04 07:00:02, 92
2017-10-04 07:05:05, 92
2017-10-04 07:10:06, 92
2017-10-04 07:15:06, 92
2017-10-04 07:20:06, 92
2017-10-04 07:25:06, 92
2017-10-04 07:30:06, 92
2017-10-04 07:35:06, 92
2017-10-04 07:40:07, 92
2017-10-04 07:45:07, 92
2017-10-04 07:50:07, 92
2017-10-04 07:55:07, 92
2017-10-04 08:00:07, 92
2017-10-04 08:05:07, 92
2017-10-04 08:10:07, 92
2017-10-04 08:15:07, 92
2017-10-04 08:20:08, 92
2017-10-04 08:25:08, 92
2017-10-04 08:30:08, 92
2017-10-04 08:35:08, 92
2017-10-04 08:40:08, 92
2017-10-04 08:45:08, 92
2017-10-04 08:50:08, 92
2017-10-04 08:55:08, 92
2017-10-04 09:00:09, 92
2017-10-04 09:05:09, 92
2017-10-04 09:10:09, 92
2017-10-04 09:15:09, 92
2017-10-04 09:20:09, 92
2017-10-04 09:25:09, 92
2017-10-04 09:30:09, 92
2017-10-04 09:35:10, 92
2017-10-04 09:40:10, 92
2017-10-04 09:45:10, 92
2017-10-04 09:50:10, 92
2017-10-04 09:55:10, 92
2017-10-04 10:00:10, 92
2017-10-04 10:05:11, 92
2017-10-04 10:10:11, 92
2017-10-04 10:15:11, 92
2017-10-04 10:20:11, 92
2017-10-04 10:25:11, 92
2017-10-04 10:30:11, 92
2017-10-04 10:35:11, 92
2017-10-04 10:40:11, 92
2017-10-04 10:45:12, 92
2017-10-04 10:50:12, 92
2017-10-04 10:55:12, 92
2017-10-04 11:00:12, 90
2017-10-04 11:05:12, 82
2017-10-04 11:10:13, 88
2017-10-04 11:15:13, 4
2017-10-04 11:20:13, 8
2017-10-04 11:25:13, 39
2017-10-04 11:30:13, 43
2017-10-04 11:35:13, 46
2017-10-04 11:40:13, 49
2017-10-04 11:45:14, 45
2017-10-04 11:50:14, 44
2017-10-04 11:55:14, 39
2017-10-04 12:00:14, 45
2017-10-04 12:05:14, 37
2017-10-04 12:10:14, 42
2017-10-04 12:15:14, 38
2017-10-04 12:20:15, 41
2017-10-04 12:25:15, 40
2017-10-04 12:30:15, 43
2017-10-04 12:35:16, 45
2017-10-04 12:40:16, 45
2017-10-04 12:45:16, 40
2017-10-04 12:50:16, 36
2017-10-04 12:55:16, 33
2017-10-04 13:00:16, 32
2017-10-04 13:05:17, 23
2017-10-04 13:10:17, 24
2017-10-04 13:15:17, 33
2017-10-04 13:20:17, 40
2017-10-04 13:25:17, 40
2017-10-04 13:30:17, 44
2017-10-04 13:35:17, 45
2017-10-04 13:40:17, 54
2017-10-04 13:45:18, 61
2017-10-04 13:50:18, 62
2017-10-04 13:55:18, 62
2017-10-04 14:00:18, 58
2017-10-04 14:05:18, 65
2017-10-04 14:10:18, 73
2017-10-04 14:15:18, 72
2017-10-04 14:20:19, 72
2017-10-04 14:25:19, 66
2017-10-04 14:30:19, 65
2017-10-04 14:35:19, 63
2017-10-04 14:40:19, 68
2017-10-04 14:45:19, 65
2017-10-04 14:50:19, 61
2017-10-04 14:55:19, 53
2017-10-04 15:00:20, 49
2017-10-04 15:05:20, 48
2017-10-04 15:10:20, 47
2017-10-04 15:15:20, 48
2017-10-04 15:20:20, 48
2017-10-04 15:25:20, 48
2017-10-04 15:30:21, 48
2017-10-04 15:35:21, 49
2017-10-04 15:40:21, 49
2017-10-04 15:45:21, 56
2017-10-04 15:50:21, 50
2017-10-04 15:55:21, 55
2017-10-04 16:00:22, 53
2017-10-04 16:05:22, 56
2017-10-04 16:10:22, 57
2017-10-04 16:15:22, 60
2017-10-04 16:20:22, 68
2017-10-04 16:25:22, 74
2017-10-04 16:30:22, 73
2017-10-04 16:35:22, 73
2017-10-04 16:40:23, 76
2017-10-04 16:45:23, 77
2017-10-04 16:50:23, 81
2017-10-04 16:55:23, 82
2017-10-04 17:00:23, 79
2017-10-04 17:05:23, 83
2017-10-04 17:10:23, 83
2017-10-04 17:15:24, 84
2017-10-04 17:20:24, 79
2017-10-04 17:25:25, 79
2017-10-04 17:30:25, 80
2017-10-04 17:35:25, 71
2017-10-04 17:40:25, 77
2017-10-04 17:45:25, 72
2017-10-04 17:50:25, 67
2017-10-04 17:55:25, 66
2017-10-04 18:00:25, 61
2017-10-04 18:05:26, 64
2017-10-04 18:10:26, 65
2017-10-04 18:15:26, 62
2017-10-04 18:20:26, 64
2017-10-04 18:25:26, 64
2017-10-04 18:30:26, 71
2017-10-04 18:35:27, 69
2017-10-04 18:40:27, 70
2017-10-04 18:45:27, 66
2017-10-04 18:50:27, 63
2017-10-04 18:55:27, 62
2017-10-04 19:00:27, 60
2017-10-04 19:05:27, 67
2017-10-04 19:10:27, 66
2017-10-04 19:15:28, 67
2017-10-04 19:20:28, 68
2017-10-04 19:25:28, 81
2017-10-04 19:30:28, 80
2017-10-04 19:35:28, 80
2017-10-04 19:40:28, 80
2017-10-04 19:45:28, 77
2017-10-04 19:50:28, 80
2017-10-04 19:55:29, 78
2017-10-04 20:00:29, 75
2017-10-04 20:05:29, 78
2017-10-04 20:10:29, 85
2017-10-04 20:15:29, 82
2017-10-04 20:20:30, 79
2017-10-04 20:25:31, 77
2017-10-04 20:30:31, 72
2017-10-04 20:35:31, 65
2017-10-04 20:40:31, 63
2017-10-04 20:45:31, 61
2017-10-04 20:50:32, 61
2017-10-04 20:55:32, 58
2017-10-04 21:00:32, 63
2017-10-04 21:05:32, 59
2017-10-04 21:10:32, 55
2017-10-04 21:15:32, 61
2017-10-04 21:20:32, 59
2017-10-04 21:25:32, 52
2017-10-04 21:30:32, 51
2017-10-04 21:35:33, 43
2017-10-04 21:40:33, 44
2017-10-04 21:45:33, 43
2017-10-04 21:50:33, 40
2017-10-04 21:55:33, 37
2017-10-04 22:00:33, 34
2017-10-04 22:05:34, 33
2017-10-04 22:10:34, 34
2017-10-04 22:15:35, 31
2017-10-04 22:20:35, 0
2017-10-04 22:25:35, 0
2017-10-04 22:30:36, 0
2017-10-04 22:35:36, 0
2017-10-04 22:40:38, 0
2017-10-04 22:45:38, 1
2017-10-04 22:50:38, 1
2017-10-04 22:55:38, 0
2017-10-04 23:00:38, 0
2017-10-04 23:05:39, 0
2017-10-04 23:10:39, 1
2017-10-04 23:15:39, 1
2017-10-04 23:20:39, 1
2017-10-04 23:25:39, 1
2017-10-04 23:30:39, 1
2017-10-04 23:35:39, 0
2017-10-04 23:40:40, 0
2017-10-04 23:45:40, 1
2017-10-04 23:50:40, 1
2017-10-04 23:55:40, 1
2017-10-05 00:00:40, 1
2017-10-05 00:05:40, 1
2017-10-05 00:10:40, 1
2017-10-05 00:15:40, 1
2017-10-05 00:20:41, 1
2017-10-05 00:25:41, 1
2017-10-05 00:30:41, 1
2017-10-05 00:35:41, 0
2017-10-05 00:40:41, 0
2017-10-05 00:45:41, 0
2017-10-05 00:50:42, 0
2017-10-05 00:55:42, 0
2017-10-05 01:00:42, 0
2017-10-05 01:05:42, 0
2017-10-05 01:10:42, 0
2017-10-05 01:15:42, 0
2017-10-05 01:20:42, 0
2017-10-05 01:25:42, 0
2017-10-05 01:30:43, 0
2017-10-05 01:35:43, 0
2017-10-05 01:40:43, 0
2017-10-05 01:45:43, 0
2017-10-05 01:50:43, 0
2017-10-05 01:55:43, 0
2017-10-05 02:00:43, 0
2017-10-05 02:05:43, 0
2017-10-05 02:10:43, 0
2017-10-05 02:15:44, 0
2017-10-05 02:20:44, 0
2017-10-05 02:25:44, 0
2017-10-05 02:30:44, 0
2017-10-05 02:35:44, 0
2017-10-05 02:40:44, 0
2017-10-05 02:45:44, 0
2017-10-05 02:50:45, 0
2017-10-05 02:55:45, 0
2017-10-05 03:00:45, 0
2017-10-05 03:05:45, 0
2017-10-05 03:10:45, 0
2017-10-05 03:15:45, 0
2017-10-05 03:20:45, 0
2017-10-05 03:25:45, 0
2017-10-05 03:30:45, 0
2017-10-05 03:35:46, 0
2017-10-05 03:40:46, 0
2017-10-05 03:45:46, 0
2017-10-05 03:50:46, 0
2017-10-05 03:55:46, 0
2017-10-05 04:00:46, 0
2017-10-05 04:05:46, 0
2017-10-05 04:10:47, 0
2017-10-05 04:15:47, 0
2017-10-05 04:20:47, 0
2017-10-05 04:25:47, 0
2017-10-05 04:30:47, 0
2017-10-05 04:35:47, 0
2017-10-05 04:40:47, 0
2017-10-05 04:45:47, 0
2017-10-05 04:50:48, 0
2017-10-05 04:55:48, 0
2017-10-05 05:00:48, 0
2017-10-05 05:05:48, 0
2017-10-05 05:10:48, 0
2017-10-05 05:15:48, 0
2017-10-05 05:20:48, 0
2017-10-05 05:25:48, 0
2017-10-05 05:30:49, 0
2017-10-05 05:35:49, 0
2017-10-05 05:40:49, 0
2017-10-05 05:45:49, 0
2017-10-05 05:50:49, 0
2017-10-05 05:55:49, 0
2017-10-05 06:00:49, 0
2017-10-05 06:05:49, 0
2017-10-05 06:10:50, 0
2017-10-05 06:15:50, 0
2017-10-05 06:20:50, 0
2017-10-05 06:25:50, 0
2017-10-05 06:30:50, 1
2017-10-05 06:35:50, 9
2017-10-05 06:40:50, 11
2017-10-05 06:45:50, 12
2017-10-05 06:50:51, 13
2017-10-05 06:55:51, 16
2017-10-05 07:00:51, 18
2017-10-05 07:06:21, 25
2017-10-05 07:11:21, 31
2017-10-05 07:16:21, 32
2017-10-05 07:21:21, 31
2017-10-05 07:26:22, 31
2017-10-05 07:31:22, 36
2017-10-05 07:36:22, 36
2017-10-05 07:41:22, 41
2017-10-05 07:46:22, 39
2017-10-05 07:51:22, 39
2017-10-05 07:56:22, 34
2017-10-05 08:01:23, 35
2017-10-05 08:06:23, 37
2017-10-05 08:11:23, 34
2017-10-05 08:16:23, 31
2017-10-05 08:21:23, 31
2017-10-05 08:26:23, 28
2017-10-05 08:31:23, 31
2017-10-05 08:36:23, 29
2017-10-05 08:41:24, 31
2017-10-05 08:46:24, 27
2017-10-05 08:51:24, 28
2017-10-05 08:56:24, 31
2017-10-05 09:01:24, 34
2017-10-05 09:06:24, 36
2017-10-05 09:11:24, 34
2017-10-05 09:16:25, 38
2017-10-05 09:21:25, 33
2017-10-05 09:26:25, 38
2017-10-05 09:31:25, 44
2017-10-05 09:36:25, 52
2017-10-05 09:41:25, 49
2017-10-05 09:46:26, 49
2017-10-05 09:51:26, 46
2017-10-05 09:56:26, 46
2017-10-05 10:01:26, 43
2017-10-05 10:06:26, 41
2017-10-05 10:11:26, 42
2017-10-05 10:16:26, 37
2017-10-05 10:21:27, 38
2017-10-05 10:26:27, 37
2017-10-05 10:31:27, 25
2017-10-05 10:36:27, 28
2017-10-05 10:41:27, 29
2017-10-05 10:46:27, 29
2017-10-05 10:51:27, 29
2017-10-05 10:56:27, 27
2017-10-05 11:01:28, 25
2017-10-05 11:06:28, 26
2017-10-05 11:11:28, 29
2017-10-05 11:16:28, 26
2017-10-05 11:21:28, 30
2017-10-05 11:26:28, 33
2017-10-05 11:31:28, 39
2017-10-05 11:36:29, 41
2017-10-05 11:41:29, 38
2017-10-05 11:46:29, 41
2017-10-05 11:51:29, 40
2017-10-05 11:56:29, 38
2017-10-05 12:01:29, 35
2017-10-05 12:06:29, 35
2017-10-05 12:11:30, 33
2017-10-05 12:16:30, 36
2017-10-05 12:21:30, 38
2017-10-05 12:26:30, 36
2017-10-05 12:31:30, 30
2017-10-05 12:36:30, 31
2017-10-05 12:41:30, 28
2017-10-05 12:46:31, 25
2017-10-05 12:51:31, 23
2017-10-05 12:56:31, 19
2017-10-05 13:01:31, 25
2017-10-05 13:06:31, 29
2017-10-05 13:11:31, 31
2017-10-05 13:16:31, 37
2017-10-05 13:21:31, 42
2017-10-05 13:26:31, 38
2017-10-05 13:31:32, 38
2017-10-05 13:36:32, 40
2017-10-05 13:41:32, 39
2017-10-05 13:46:32, 38
2017-10-05 13:51:32, 36
2017-10-05 13:56:32, 31
2017-10-05 14:01:32, 26
2017-10-05 14:06:32, 25
2017-10-05 14:11:33, 21
2017-10-05 14:16:33, 17
2017-10-05 14:21:33, 16
2017-10-05 14:26:33, 20
2017-10-05 14:31:33, 19
2017-10-05 14:36:33, 19
2017-10-05 14:41:33, 19
2017-10-05 14:46:33, 21
2017-10-05 14:51:34, 23
2017-10-05 14:56:34, 23
2017-10-05 15:01:34, 23
2017-10-05 15:06:35, 27
2017-10-05 15:11:36, 29
2017-10-05 15:16:36, 29
2017-10-05 15:21:36, 31
2017-10-05 15:26:36, 31
2017-10-05 15:31:36, 31
2017-10-05 15:36:36, 27
2017-10-05 15:41:36, 24
2017-10-05 15:46:37, 23
2017-10-05 15:51:37, 24
2017-10-05 15:56:37, 25
2017-10-05 16:01:37, 27
2017-10-05 16:06:37, 31
2017-10-05 16:11:37, 29
2017-10-05 16:16:37, 41
2017-10-05 16:21:37, 48
2017-10-05 16:26:38, 48
2017-10-05 16:31:38, 54
2017-10-05 16:36:38, 50
2017-10-05 16:41:38, 51
2017-10-05 16:46:38, 52
2017-10-05 16:51:38, 56
2017-10-05 16:56:38, 57
2017-10-05 17:01:38, 61
2017-10-05 17:06:39, 59
2017-10-05 17:11:39, 59
2017-10-05 17:16:39, 63
2017-10-05 17:21:39, 67
2017-10-05 17:26:39, 57
2017-10-05 17:31:39, 51
2017-10-05 17:36:39, 53
2017-10-05 17:41:40, 53
2017-10-05 17:46:40, 57
2017-10-05 17:51:40, 45
2017-10-05 17:56:40, 49
2017-10-05 18:01:40, 49
2017-10-05 18:06:40, 50
2017-10-05 18:11:40, 50
2017-10-05 18:16:40, 53
2017-10-05 18:21:41, 59
2017-10-05 18:26:41, 67
2017-10-05 18:31:41, 67
2017-10-05 18:36:41, 65
2017-10-05 18:41:41, 64
2017-10-05 18:46:41, 64
2017-10-05 18:51:42, 57
2017-10-05 18:56:42, 58
2017-10-05 19:01:42, 57
2017-10-05 19:06:42, 64
2017-10-05 19:11:42, 56
2017-10-05 19:16:42, 56
2017-10-05 19:21:42, 52
2017-10-05 19:26:43, 53
2017-10-05 19:31:43, 50
2017-10-05 19:36:43, 49
2017-10-05 19:41:43, 46
2017-10-05 19:46:43, 44
2017-10-05 19:51:43, 46
2017-10-05 19:56:43, 47
2017-10-05 20:01:44, 50
2017-10-05 20:06:44, 52
2017-10-05 20:11:44, 54
2017-10-05 20:16:44, 55
2017-10-05 20:21:44, 48
2017-10-05 20:26:44, 49
2017-10-05 20:31:44, 47
2017-10-05 20:36:44, 43
2017-10-05 20:41:45, 44
2017-10-05 20:46:45, 45
2017-10-05 20:51:45, 46
2017-10-05 20:56:45, 45
2017-10-05 21:01:45, 46
2017-10-05 21:06:45, 47
2017-10-05 21:11:45, 47
2017-10-05 21:16:45, 44
2017-10-05 21:21:46, 42
2017-10-05 21:26:46, 45
2017-10-05 21:31:46, 44
2017-10-05 21:36:46, 45
2017-10-05 21:41:46, 46
2017-10-05 21:46:46, 46
2017-10-05 21:51:46, 45
2017-10-05 21:56:47, 44
2017-10-05 22:01:47, 40
2017-10-05 22:06:47, 38
2017-10-05 22:11:47, 36
2017-10-05 22:16:47, 33
2017-10-05 22:21:47, 24
2017-10-05 22:26:47, 0
2017-10-05 22:31:48, 0
2017-10-05 22:36:48, 0
2017-10-05 22:41:48, 0
2017-10-05 22:46:48, 0
2017-10-05 22:51:48, 0
2017-10-05 22:56:48, 0
2017-10-05 23:01:48, 0
2017-10-05 23:06:48, 0
2017-10-05 23:11:49, 0
2017-10-05 23:16:49, 0
2017-10-05 23:21:49, 0
2017-10-05 23:26:49, 1
2017-10-05 23:31:49, 1
2017-10-05 23:36:49, 1
2017-10-05 23:41:49, 1
2017-10-05 23:46:50, 1
2017-10-05 23:51:50, 1
2017-10-05 23:56:50, 1
2017-10-06 00:01:50, 1
2017-10-06 00:06:50, 1
2017-10-06 00:11:50, 1
2017-10-06 00:16:50, 1
2017-10-06 00:21:50, 1
2017-10-06 00:26:50, 1
2017-10-06 00:31:51, 1
2017-10-06 00:36:51, 0
2017-10-06 00:41:51, 0
2017-10-06 00:46:51, 0
2017-10-06 00:51:51, 0
2017-10-06 00:56:51, 0
2017-10-06 01:01:51, 0
2017-10-06 01:06:51, 0
2017-10-06 01:11:52, 0
2017-10-06 01:16:52, 0
2017-10-06 01:21:52, 0
2017-10-06 01:26:52, 0
2017-10-06 01:31:52, 0
2017-10-06 01:36:52, 0
2017-10-06 01:41:52, 0
2017-10-06 01:46:52, 0
2017-10-06 01:51:53, 0
2017-10-06 01:56:53, 0
2017-10-06 02:01:53, 0
2017-10-06 02:06:53, 0
2017-10-06 02:11:53, 0
2017-10-06 02:16:53, 0
2017-10-06 02:21:53, 0
2017-10-06 02:26:53, 0
2017-10-06 02:31:54, 0
2017-10-06 02:36:54, 0
2017-10-06 02:41:54, 0
2017-10-06 02:46:54, 0
2017-10-06 02:51:54, 0
2017-10-06 02:56:54, 0
2017-10-06 03:01:54, 0
2017-10-06 03:06:54, 0
2017-10-06 03:11:55, 0
2017-10-06 03:16:55, 0
2017-10-06 03:21:55, 0
2017-10-06 03:26:55, 0
2017-10-06 03:31:55, 0
2017-10-06 03:36:55, 0
2017-10-06 03:41:55, 0
2017-10-06 03:46:56, 0
2017-10-06 03:51:56, 0
2017-10-06 03:56:56, 0
2017-10-06 04:01:56, 0
2017-10-06 04:06:56, 0
2017-10-06 04:11:56, 0
2017-10-06 04:16:56, 0
2017-10-06 04:21:56, 0
2017-10-06 04:26:56, 0
2017-10-06 04:31:56, 0
2017-10-06 04:36:56, 0
2017-10-06 04:41:57, 0
2017-10-06 04:46:57, 0
2017-10-06 04:51:57, 0
2017-10-06 04:56:57, 0
2017-10-06 05:01:57, 0
2017-10-06 05:06:57, 0
2017-10-06 05:11:57, 0
2017-10-06 05:16:58, 0
2017-10-06 05:21:58, 0
2017-10-06 05:26:58, 0
2017-10-06 05:31:58, 0
2017-10-06 05:36:58, 0
2017-10-06 05:41:58, 0
2017-10-06 05:46:58, 0
2017-10-06 05:51:58, 0
2017-10-06 05:56:59, 0
2017-10-06 06:01:59, 0
2017-10-06 06:06:59, 0
2017-10-06 06:11:59, 0
2017-10-06 06:16:59, 0
2017-10-06 06:21:59, 0
2017-10-06 06:26:59, 0
2017-10-06 06:31:59, 2
2017-10-06 06:36:59, 12
2017-10-06 06:42:00, 14
2017-10-06 06:47:00, 22
2017-10-06 06:52:00, 25
2017-10-06 06:57:00, 26
2017-10-06 07:02:00, 34
2017-10-06 07:07:02, 39
2017-10-06 07:12:02, 41
2017-10-06 07:17:02, 42
2017-10-06 07:22:03, 42
2017-10-06 07:27:03, 41
2017-10-06 07:32:03, 50
2017-10-06 07:37:03, 52
2017-10-06 07:42:03, 53
2017-10-06 07:47:03, 52
2017-10-06 07:52:03, 46
2017-10-06 07:57:04, 45
2017-10-06 08:02:04, 33
2017-10-06 08:07:04, 34
2017-10-06 08:12:04, 37
2017-10-06 08:17:04, 35
2017-10-06 08:22:04, 32
2017-10-06 08:27:04, 31
2017-10-06 08:32:04, 23
2017-10-06 08:37:05, 23
2017-10-06 08:42:05, 26
2017-10-06 08:47:05, 28
2017-10-06 08:52:05, 40
2017-10-06 08:57:05, 43
2017-10-06 09:02:06, 44
2017-10-06 09:07:06, 41
2017-10-06 09:12:06, 41
2017-10-06 09:17:06, 43
2017-10-06 09:22:06, 43
2017-10-06 09:27:06, 44
2017-10-06 09:32:06, 40
2017-10-06 09:37:07, 38
2017-10-06 09:42:07, 36
2017-10-06 09:47:07, 35
2017-10-06 09:52:07, 36
2017-10-06 09:57:07, 31
2017-10-06 10:02:07, 32
2017-10-06 10:07:07, 34
2017-10-06 10:12:08, 32
2017-10-06 10:17:08, 33
2017-10-06 10:22:08, 32
2017-10-06 10:27:08, 31
2017-10-06 10:32:08, 35
2017-10-06 10:37:08, 34
2017-10-06 10:42:08, 29
2017-10-06 10:47:08, 28
2017-10-06 10:52:09, 31
2017-10-06 10:57:09, 27
2017-10-06 11:02:09, 27
2017-10-06 11:07:09, 32
2017-10-06 11:12:09, 37
2017-10-06 11:17:09, 38
2017-10-06 11:22:09, 35
2017-10-06 11:27:09, 37
2017-10-06 11:32:10, 41
2017-10-06 11:37:10, 43
2017-10-06 11:42:10, 41
2017-10-06 11:47:10, 39
2017-10-06 11:52:10, 35
2017-10-06 11:57:10, 33
2017-10-06 12:02:10, 33
2017-10-06 12:07:10, 30
2017-10-06 12:12:10, 35
2017-10-06 12:17:16, 39
2017-10-06 12:22:16, 40
2017-10-06 12:27:16, 40
2017-10-06 12:32:16, 42
2017-10-06 12:37:16, 45
2017-10-06 12:42:16, 43
2017-10-06 12:47:16, 41
2017-10-06 12:52:17, 38
2017-10-06 12:57:17, 37
2017-10-06 13:02:17, 37
2017-10-06 13:07:17, 39
2017-10-06 13:12:17, 41
2017-10-06 13:17:17, 39
2017-10-06 13:22:18, 42
2017-10-06 13:27:18, 46
2017-10-06 13:32:18, 43
2017-10-06 13:37:18, 39
2017-10-06 13:42:18, 37
2017-10-06 13:47:18, 38
2017-10-06 13:52:18, 37
2017-10-06 13:57:18, 34
2017-10-06 14:02:19, 33
2017-10-06 14:07:19, 31
2017-10-06 14:12:19, 32
2017-10-06 14:17:19, 31
2017-10-06 14:22:19, 32
2017-10-06 14:27:19, 35
2017-10-06 14:32:24, 41
2017-10-06 14:37:24, 41
2017-10-06 14:42:25, 36
2017-10-06 14:47:25, 35
2017-10-06 14:52:25, 39
2017-10-06 14:57:25, 39
2017-10-06 15:02:25, 37
2017-10-06 15:07:30, 30
2017-10-06 15:12:30, 30
2017-10-06 15:17:30, 32
2017-10-06 15:22:30, 32
2017-10-06 15:27:31, 38
2017-10-06 15:32:31, 37
2017-10-06 15:37:31, 41
2017-10-06 15:42:31, 46
2017-10-06 15:47:31, 47
2017-10-06 15:52:31, 45
2017-10-06 15:57:31, 42
2017-10-06 16:02:32, 40
2017-10-06 16:07:32, 39
2017-10-06 16:12:32, 42
2017-10-06 16:17:32, 47
2017-10-06 16:22:32, 51
2017-10-06 16:27:32, 54
2017-10-06 16:32:32, 59
2017-10-06 16:37:33, 57
2017-10-06 16:42:33, 64
2017-10-06 16:47:33, 56
2017-10-06 16:52:33, 54
2017-10-06 16:57:33, 48
2017-10-06 17:02:33, 48
2017-10-06 17:07:33, 41
2017-10-06 17:12:34, 37
2017-10-06 17:17:34, 39
2017-10-06 17:22:34, 45
2017-10-06 17:27:34, 47
2017-10-06 17:32:34, 44
2017-10-06 17:37:34, 48
2017-10-06 17:42:34, 50
2017-10-06 17:47:34, 56
2017-10-06 17:52:35, 57
2017-10-06 17:57:35, 62
2017-10-06 18:02:35, 66
2017-10-06 18:07:35, 64
2017-10-06 18:12:35, 63
2017-10-06 18:17:35, 62
2017-10-06 18:22:35, 61
2017-10-06 18:27:36, 54
2017-10-06 18:32:36, 53
2017-10-06 18:37:36, 53
2017-10-06 18:42:36, 49
2017-10-06 18:47:36, 53
2017-10-06 18:52:36, 51
2017-10-06 18:57:36, 47
2017-10-06 19:02:36, 42
2017-10-06 19:07:37, 39
2017-10-06 19:12:37, 41
2017-10-06 19:17:37, 43
2017-10-06 19:22:37, 45
2017-10-06 19:27:37, 43
2017-10-06 19:32:37, 40
2017-10-06 19:37:37, 43
2017-10-06 19:42:37, 39
2017-10-06 19:47:37, 40
2017-10-06 19:52:38, 46
2017-10-06 19:57:38, 43
2017-10-06 20:02:38, 39
2017-10-06 20:07:38, 42
2017-10-06 20:12:38, 48
2017-10-06 20:17:38, 49
2017-10-06 20:22:38, 47
2017-10-06 20:27:39, 46
2017-10-06 20:32:39, 43
2017-10-06 20:37:39, 46
2017-10-06 20:42:39, 43
2017-10-06 20:47:39, 40
2017-10-06 20:52:40, 38
2017-10-06 20:57:40, 40
2017-10-06 21:02:40, 45
2017-10-06 21:07:40, 46
2017-10-06 21:12:40, 45
2017-10-06 21:17:40, 51
2017-10-06 21:22:40, 52
2017-10-06 21:27:40, 45
2017-10-06 21:32:41, 48
2017-10-06 21:37:41, 50
2017-10-06 21:42:41, 48
2017-10-06 21:47:41, 46
2017-10-06 21:52:41, 45
2017-10-06 21:57:41, 43
2017-10-06 22:02:41, 41
2017-10-06 22:07:41, 39
2017-10-06 22:12:42, 35
2017-10-06 22:17:42, 31
2017-10-06 22:22:42, 23
2017-10-06 22:27:42, 15
2017-10-06 22:32:42, 0
2017-10-06 22:37:42, 0
2017-10-06 22:42:43, 0
2017-10-06 22:47:43, 0
2017-10-06 22:52:43, 0
2017-10-06 22:57:43, 0
2017-10-06 23:02:43, 0
2017-10-06 23:07:43, 0
2017-10-06 23:12:43, 0
2017-10-06 23:17:43, 0
2017-10-06 23:22:44, 0
2017-10-06 23:27:44, 0
2017-10-06 23:32:49, 0
2017-10-06 23:37:49, 0
2017-10-06 23:42:49, 0
2017-10-06 23:47:49, 0
2017-10-06 23:52:49, 0
2017-10-06 23:57:49, 0
2017-10-07 00:02:50, 0
2017-10-07 00:07:50, 0
2017-10-07 00:12:50, 0
2017-10-07 00:17:50, 0
2017-10-07 00:22:50, 0
2017-10-07 00:27:50, 0
2017-10-07 00:32:50, 0
2017-10-07 00:37:50, 0
2017-10-07 00:42:50, 0
2017-10-07 00:47:50, 0
2017-10-07 00:52:51, 0
2017-10-07 00:57:51, 0
2017-10-07 01:02:51, 0
2017-10-07 01:07:51, 0
2017-10-07 01:12:51, 0
2017-10-07 01:17:51, 0
2017-10-07 01:22:51, 0
2017-10-07 01:27:51, 0
2017-10-07 01:32:52, 0
2017-10-07 01:37:52, 0
2017-10-07 01:42:52, 0
2017-10-07 01:47:52, 0
2017-10-07 01:52:52, 0
2017-10-07 01:57:52, 0
2017-10-07 02:02:52, 0
2017-10-07 02:07:53, 0
2017-10-07 02:12:53, 0
2017-10-07 02:17:53, 0
2017-10-07 02:22:53, 0
2017-10-07 02:27:53, 0
2017-10-07 02:32:53, 0
2017-10-07 02:37:53, 0
2017-10-07 02:42:53, 0
2017-10-07 02:47:53, 0
2017-10-07 02:52:54, 0
2017-10-07 02:57:54, 0
2017-10-07 03:02:54, 0
2017-10-07 03:07:54, 0
2017-10-07 03:12:54, 0
2017-10-07 03:17:54, 0
2017-10-07 03:22:54, 0
2017-10-07 03:27:54, 0
2017-10-07 03:32:55, 0
2017-10-07 03:37:55, 0
2017-10-07 03:42:55, 0
2017-10-07 03:47:55, 0
2017-10-07 03:52:55, 0
2017-10-07 03:57:55, 0
2017-10-07 04:02:55, 0
2017-10-07 04:07:55, 0
2017-10-07 04:12:56, 0
2017-10-07 04:17:56, 0
2017-10-07 04:22:56, 0
2017-10-07 04:27:56, 0
2017-10-07 04:32:56, 0
2017-10-07 04:37:56, 0
2017-10-07 04:42:56, 0
2017-10-07 04:47:57, 0
2017-10-07 04:52:57, 0
2017-10-07 04:57:57, 0
2017-10-07 05:02:57, 0
2017-10-07 05:07:57, 0
2017-10-07 05:12:57, 0
2017-10-07 05:17:57, 0
2017-10-07 05:22:57, 0
2017-10-07 05:27:58, 0
2017-10-07 05:32:58, 0
2017-10-07 05:37:58, 0
2017-10-07 05:42:58, 1
2017-10-07 05:47:59, 0
2017-10-07 05:52:59, 1
2017-10-07 05:57:59, 1
2017-10-07 06:02:59, 1
2017-10-07 06:07:59, 1
2017-10-07 06:12:59, 1
2017-10-07 06:17:59, 1
2017-10-07 06:22:59, 0
2017-10-07 06:27:59, 0
2017-10-07 06:33:00, 0
2017-10-07 06:38:00, 0
2017-10-07 06:43:00, 1
2017-10-07 06:48:00, 1
2017-10-07 06:53:00, 1
2017-10-07 06:58:00, 1
2017-10-07 07:03:00, 1
2017-10-07 07:08:00, 1
2017-10-07 07:13:01, 1
2017-10-07 07:18:01, 1
2017-10-07 07:23:01, 1
2017-10-07 07:28:01, 1
2017-10-07 07:33:01, 0
2017-10-07 07:38:01, 0
2017-10-07 07:43:01, 0
2017-10-07 07:48:01, 0
2017-10-07 07:53:02, 0
2017-10-07 07:58:03, 0
2017-10-07 08:03:03, 3
2017-10-07 08:08:03, 6
2017-10-07 08:13:03, 12
2017-10-07 08:18:03, 15
2017-10-07 08:23:03, 16
2017-10-07 08:28:03, 18
2017-10-07 08:33:03, 19
2017-10-07 08:38:04, 19
2017-10-07 08:43:04, 20
2017-10-07 08:48:04, 23
2017-10-07 08:53:04, 23
2017-10-07 08:58:04, 22
2017-10-07 09:03:04, 23
2017-10-07 09:08:04, 25
2017-10-07 09:13:05, 28
2017-10-07 09:18:05, 32
2017-10-07 09:23:05, 32
2017-10-07 09:28:05, 35
2017-10-07 09:33:05, 34
2017-10-07 09:38:05, 35
2017-10-07 09:43:05, 34
2017-10-07 09:48:06, 35
2017-10-07 09:53:06, 35
2017-10-07 09:58:06, 35
2017-10-07 10:03:06, 38
2017-10-07 10:08:06, 40
2017-10-07 10:13:06, 34
2017-10-07 10:18:06, 34
2017-10-07 10:23:06, 35
2017-10-07 10:28:07, 38
2017-10-07 10:33:07, 36
2017-10-07 10:38:07, 40
2017-10-07 10:43:07, 36
2017-10-07 10:48:07, 36
2017-10-07 10:53:07, 37
2017-10-07 10:58:08, 35
2017-10-07 11:03:08, 37
2017-10-07 11:08:08, 45
2017-10-07 11:13:08, 48
2017-10-07 11:18:08, 49
2017-10-07 11:23:08, 44
2017-10-07 11:28:08, 41
2017-10-07 11:33:08, 44
2017-10-07 11:38:08, 47
2017-10-07 11:43:09, 47
2017-10-07 11:48:09, 43
2017-10-07 11:53:09, 42
2017-10-07 11:58:09, 40
2017-10-07 12:03:09, 42
2017-10-07 12:08:09, 46
2017-10-07 12:13:09, 47
2017-10-07 12:18:09, 44
2017-10-07 12:23:09, 37
2017-10-07 12:28:10, 34
2017-10-07 12:33:10, 37
2017-10-07 12:38:10, 38
2017-10-07 12:43:10, 36
2017-10-07 12:48:10, 38
2017-10-07 12:53:10, 33
2017-10-07 12:58:10, 34
2017-10-07 13:03:10, 32
2017-10-07 13:08:11, 29
2017-10-07 13:13:11, 30
2017-10-07 13:18:11, 31
2017-10-07 13:23:11, 32
2017-10-07 13:28:11, 33
2017-10-07 13:33:11, 35
2017-10-07 13:38:12, 39
2017-10-07 13:43:12, 37
2017-10-07 13:48:12, 38
2017-10-07 13:53:12, 40
2017-10-07 13:58:12, 38
2017-10-07 14:03:12, 38
2017-10-07 14:08:12, 35
2017-10-07 14:13:12, 36
2017-10-07 14:18:12, 36
2017-10-07 14:23:13, 33
2017-10-07 14:28:13, 33
2017-10-07 14:33:13, 31
2017-10-07 14:38:13, 30
2017-10-07 14:43:13, 34
2017-10-07 14:48:13, 36
2017-10-07 14:53:13, 35
2017-10-07 14:58:14, 33
2017-10-07 15:03:14, 31
2017-10-07 15:08:14, 30
2017-10-07 15:13:14, 35
2017-10-07 15:18:14, 33
2017-10-07 15:23:14, 35
2017-10-07 15:28:14, 37
2017-10-07 15:33:14, 37
2017-10-07 15:38:14, 34
2017-10-07 15:43:15, 38
2017-10-07 15:48:15, 41
2017-10-07 15:53:15, 46
2017-10-07 15:58:15, 42
2017-10-07 16:03:15, 42
2017-10-07 16:08:16, 38
2017-10-07 16:13:16, 42
2017-10-07 16:18:16, 39
2017-10-07 16:23:16, 43
2017-10-07 16:28:16, 43
2017-10-07 16:33:16, 46
2017-10-07 16:38:16, 42
2017-10-07 16:43:17, 41
2017-10-07 16:48:17, 40
2017-10-07 16:53:17, 41
2017-10-07 16:58:17, 42
2017-10-07 17:03:17, 42
2017-10-07 17:08:17, 39
2017-10-07 17:13:17, 37
2017-10-07 17:18:18, 38
2017-10-07 17:23:18, 38
2017-10-07 17:28:18, 36
2017-10-07 17:33:18, 37
2017-10-07 17:38:18, 37
2017-10-07 17:43:18, 34
2017-10-07 17:48:18, 35
2017-10-07 17:53:19, 39
2017-10-07 17:58:19, 37
2017-10-07 18:03:19, 36
2017-10-07 18:08:19, 36
2017-10-07 18:13:19, 37
2017-10-07 18:18:19, 36
2017-10-07 18:23:19, 38
2017-10-07 18:28:19, 36
2017-10-07 18:33:20, 37
2017-10-07 18:38:20, 39
2017-10-07 18:43:20, 41
2017-10-07 18:48:20, 45
2017-10-07 18:53:20, 45
2017-10-07 18:58:20, 44
2017-10-07 19:03:20, 41
2017-10-07 19:08:20, 40
2017-10-07 19:13:21, 41
2017-10-07 19:18:21, 41
2017-10-07 19:23:21, 42
2017-10-07 19:28:21, 41
2017-10-07 19:33:21, 38
2017-10-07 19:38:22, 38
2017-10-07 19:43:22, 32
2017-10-07 19:48:22, 34
2017-10-07 19:53:22, 35
2017-10-07 19:58:23, 37
2017-10-07 20:03:23, 37
2017-10-07 20:08:23, 38
2017-10-07 20:13:23, 39
2017-10-07 20:18:23, 36
2017-10-07 20:23:23, 36
2017-10-07 20:28:23, 37
2017-10-07 20:33:24, 37
2017-10-07 20:38:24, 35
2017-10-07 20:43:24, 35
2017-10-07 20:48:24, 32
2017-10-07 20:53:24, 32
2017-10-07 20:58:24, 26
2017-10-07 21:03:24, 26
2017-10-07 21:08:25, 28
2017-10-07 21:13:25, 34
2017-10-07 21:18:25, 32
2017-10-07 21:23:25, 33
2017-10-07 21:28:25, 34
2017-10-07 21:33:25, 37
2017-10-07 21:38:25, 36
2017-10-07 21:43:25, 36
2017-10-07 21:48:26, 33
2017-10-07 21:53:26, 31
2017-10-07 21:58:26, 32
2017-10-07 22:03:26, 32
2017-10-07 22:08:26, 29
2017-10-07 22:13:26, 28
2017-10-07 22:18:26, 25
2017-10-07 22:23:26, 21
2017-10-07 22:28:27, 0
2017-10-07 22:33:27, 0
2017-10-07 22:38:27, 0
2017-10-07 22:43:27, 0
2017-10-07 22:48:27, 0
2017-10-07 22:53:27, 0
2017-10-07 22:58:27, 0
2017-10-07 23:03:27, 0
2017-10-07 23:08:28, 0
2017-10-07 23:13:28, 0
2017-10-07 23:18:28, 0
2017-10-07 23:23:28, 0
2017-10-07 23:28:28, 0
2017-10-07 23:33:28, 0
2017-10-07 23:38:28, 0
2017-10-07 23:43:29, 0
2017-10-07 23:48:29, 0
2017-10-07 23:53:29, 0
2017-10-07 23:58:29, 0
2017-10-08 00:03:29, 0
2017-10-08 00:08:29, 0
2017-10-08 00:13:29, 0
2017-10-08 00:18:29, 0
2017-10-08 00:23:30, 0
2017-10-08 00:28:30, 0
2017-10-08 00:33:30, 0
2017-10-08 00:38:30, 0
2017-10-08 00:43:30, 0
2017-10-08 00:48:30, 0
2017-10-08 00:53:30, 0
2017-10-08 00:58:31, 0
2017-10-08 01:03:31, 0
2017-10-08 01:08:31, 0
2017-10-08 01:13:31, 0
2017-10-08 01:18:31, 0
2017-10-08 01:23:31, 0
2017-10-08 01:28:31, 0
2017-10-08 01:33:31, 0
2017-10-08 01:38:32, 0
2017-10-08 01:43:32, 0
2017-10-08 01:48:32, 0
2017-10-08 01:53:32, 0
2017-10-08 01:58:32, 0
2017-10-08 02:03:32, 0
2017-10-08 02:08:32, 0
2017-10-08 02:13:33, 0
2017-10-08 02:18:33, 0
2017-10-08 02:23:33, 0
2017-10-08 02:28:33, 0
2017-10-08 02:33:33, 0
2017-10-08 02:38:33, 0
2017-10-08 02:43:33, 0
2017-10-08 02:48:33, 0
2017-10-08 02:53:34, 0
2017-10-08 02:58:34, 0
2017-10-08 03:03:34, 0
2017-10-08 03:08:34, 0
2017-10-08 03:13:34, 0
2017-10-08 03:18:34, 0
2017-10-08 03:23:34, 0
2017-10-08 03:28:34, 0
2017-10-08 03:33:35, 0
2017-10-08 03:38:35, 0
2017-10-08 03:43:35, 0
2017-10-08 03:48:35, 0
2017-10-08 03:53:35, 0
2017-10-08 03:58:35, 0
2017-10-08 04:03:40, 0
2017-10-08 04:08:40, 0
2017-10-08 04:13:41, 0
2017-10-08 04:18:41, 0
2017-10-08 04:23:41, 0
2017-10-08 04:28:41, 0
2017-10-08 04:33:41, 0
2017-10-08 04:38:41, 0
2017-10-08 04:43:41, 0
2017-10-08 04:48:41, 0
2017-10-08 04:53:41, 0
2017-10-08 04:58:42, 0
2017-10-08 05:03:42, 0
2017-10-08 05:08:42, 0
2017-10-08 05:13:42, 0
2017-10-08 05:18:42, 0
2017-10-08 05:23:42, 0
2017-10-08 05:28:42, 0
2017-10-08 05:33:43, 0
2017-10-08 05:38:43, 1
2017-10-08 05:43:43, 0
2017-10-08 05:48:43, 1
2017-10-08 05:53:43, 1
2017-10-08 05:58:43, 1
2017-10-08 06:03:43, 1
2017-10-08 06:08:43, 1
2017-10-08 06:13:43, 1
2017-10-08 06:18:44, 1
2017-10-08 06:23:44, 1
2017-10-08 06:28:44, 1
2017-10-08 06:33:44, 0
2017-10-08 06:38:44, 0
2017-10-08 06:43:44, 0
2017-10-08 06:48:44, 0
2017-10-08 06:53:45, 0
2017-10-08 06:58:45, 0
2017-10-08 07:03:45, 0
2017-10-08 07:08:45, 0
2017-10-08 07:13:45, 0
2017-10-08 07:18:45, 0
2017-10-08 07:23:45, 0
2017-10-08 07:28:46, 0
2017-10-08 07:33:46, 0
2017-10-08 07:38:46, 0
2017-10-08 07:43:46, 0
2017-10-08 07:48:46, 0
2017-10-08 07:53:46, 0
2017-10-08 07:58:46, 2
2017-10-08 08:03:47, 3
2017-10-08 08:08:47, 6
2017-10-08 08:13:47, 8
2017-10-08 08:18:47, 13
2017-10-08 08:23:47, 13
2017-10-08 08:28:47, 13
2017-10-08 08:33:47, 13
2017-10-08 08:38:47, 11
2017-10-08 08:43:47, 16
2017-10-08 08:48:48, 17
2017-10-08 08:53:48, 19
2017-10-08 08:58:48, 17
2017-10-08 09:03:48, 15
2017-10-08 09:08:48, 18
2017-10-08 09:13:48, 20
2017-10-08 09:18:48, 20
2017-10-08 09:23:49, 20
2017-10-08 09:28:49, 17
2017-10-08 09:33:50, 17
2017-10-08 09:38:50, 18
2017-10-08 09:43:50, 17
2017-10-08 09:48:50, 18
2017-10-08 09:53:50, 15
2017-10-08 09:58:50, 14
2017-10-08 10:03:51, 22
2017-10-08 10:08:51, 24
2017-10-08 10:13:51, 26
2017-10-08 10:18:51, 28
2017-10-08 10:23:51, 28
2017-10-08 10:28:51, 33
2017-10-08 10:33:51, 30
2017-10-08 10:38:52, 35
2017-10-08 10:43:52, 36
2017-10-08 10:48:52, 31
2017-10-08 10:53:52, 28
2017-10-08 10:58:52, 30
2017-10-08 11:03:52, 27
2017-10-08 11:08:52, 28
2017-10-08 11:13:52, 29
2017-10-08 11:18:52, 29
2017-10-08 11:23:53, 24
2017-10-08 11:28:53, 25
2017-10-08 11:33:53, 23
2017-10-08 11:38:53, 24
2017-10-08 11:43:53, 26
2017-10-08 11:48:54, 27
2017-10-08 11:53:54, 25
2017-10-08 11:58:59, 25
2017-10-08 12:03:59, 27
2017-10-08 12:08:59, 34
2017-10-08 12:13:59, 34
2017-10-08 12:19:00, 35
2017-10-08 12:24:00, 34
2017-10-08 12:29:00, 36
2017-10-08 12:34:00, 39
2017-10-08 12:39:00, 36
2017-10-08 12:44:00, 41
2017-10-08 12:49:00, 42
2017-10-08 12:54:01, 35
2017-10-08 12:59:01, 31
2017-10-08 13:04:01, 30
2017-10-08 13:09:01, 33
2017-10-08 13:14:01, 32
2017-10-08 13:19:01, 33
2017-10-08 13:24:01, 36
2017-10-08 13:29:02, 32
2017-10-08 13:34:02, 28
2017-10-08 13:39:02, 26
2017-10-08 13:44:02, 26
2017-10-08 13:49:02, 26
2017-10-08 13:54:02, 26
2017-10-08 13:59:02, 26
2017-10-08 14:04:02, 26
2017-10-08 14:09:02, 26
2017-10-08 14:14:03, 23
2017-10-08 14:19:03, 21
2017-10-08 14:24:03, 19
2017-10-08 14:29:03, 20
2017-10-08 14:34:03, 21
2017-10-08 14:39:03, 20
2017-10-08 14:44:04, 17
2017-10-08 14:49:04, 18
2017-10-08 14:54:05, 19
2017-10-08 14:59:05, 23
2017-10-08 15:04:05, 23
2017-10-08 15:09:05, 23
2017-10-08 15:14:05, 23
2017-10-08 15:19:05, 23
2017-10-08 15:24:06, 24
2017-10-08 15:29:06, 23
2017-10-08 15:34:06, 21
2017-10-08 15:39:06, 21
2017-10-08 15:44:06, 24
2017-10-08 15:49:06, 27
2017-10-08 15:54:06, 25
2017-10-08 15:59:07, 26
2017-10-08 16:04:07, 27
2017-10-08 16:09:07, 28
2017-10-08 16:14:07, 30
2017-10-08 16:19:07, 33
2017-10-08 16:24:07, 35
2017-10-08 16:29:07, 34
2017-10-08 16:34:07, 36
2017-10-08 16:39:08, 39
2017-10-08 16:44:08, 42
2017-10-08 16:49:08, 41
2017-10-08 16:54:08, 41
2017-10-08 16:59:08, 40
2017-10-08 17:04:08, 42
2017-10-08 17:09:09, 40
2017-10-08 17:14:09, 39
2017-10-08 17:19:09, 38
2017-10-08 17:24:09, 43
2017-10-08 17:29:09, 42
2017-10-08 17:34:09, 43
2017-10-08 17:39:09, 42
2017-10-08 17:44:09, 37
2017-10-08 17:49:09, 39
2017-10-08 17:54:10, 41
2017-10-08 17:59:10, 41
2017-10-08 18:04:10, 40
2017-10-08 18:09:10, 44
2017-10-08 18:14:10, 48
2017-10-08 18:19:10, 46
2017-10-08 18:24:10, 49
2017-10-08 18:29:11, 42
2017-10-08 18:34:11, 41
2017-10-08 18:39:11, 40
2017-10-08 18:44:11, 43
2017-10-08 18:49:11, 44
2017-10-08 18:54:11, 41
2017-10-08 18:59:11, 45
2017-10-08 19:04:11, 45
2017-10-08 19:09:12, 39
2017-10-08 19:14:12, 44
2017-10-08 19:19:12, 45
2017-10-08 19:24:12, 43
2017-10-08 19:29:12, 44
2017-10-08 19:34:12, 48
2017-10-08 19:39:12, 44
2017-10-08 19:44:12, 43
2017-10-08 19:49:13, 48
2017-10-08 19:54:13, 47
2017-10-08 19:59:13, 47
2017-10-08 20:04:13, 47
2017-10-08 20:09:13, 45
2017-10-08 20:14:13, 44
2017-10-08 20:19:13, 42
2017-10-08 20:24:14, 39
2017-10-08 20:29:14, 39
2017-10-08 20:34:14, 37
2017-10-08 20:39:14, 34
2017-10-08 20:44:14, 36
2017-10-08 20:49:15, 34
2017-10-08 20:54:15, 31
2017-10-08 20:59:15, 18
2017-10-08 21:04:16, 10
2017-10-08 21:09:16, 0
2017-10-08 21:14:16, 0
2017-10-08 21:19:16, 0
2017-10-08 21:24:16, 0
2017-10-08 21:29:16, 0
2017-10-08 21:34:17, 0
2017-10-08 21:39:17, 0
2017-10-08 21:44:17, 0
2017-10-08 21:49:17, 1
2017-10-08 21:54:17, 1
2017-10-08 21:59:17, 1
2017-10-08 22:04:17, 1
2017-10-08 22:09:18, 0
2017-10-08 22:14:18, 0
2017-10-08 22:19:18, 0
2017-10-08 22:24:18, 0
2017-10-08 22:29:18, 0
2017-10-08 22:34:18, 0
2017-10-08 22:39:18, 0
2017-10-08 22:44:18, 0
2017-10-08 22:49:19, 0
2017-10-08 22:54:19, 0
2017-10-08 22:59:19, 0
2017-10-08 23:04:19, 0
2017-10-08 23:09:19, 0
2017-10-08 23:14:19, 0
2017-10-08 23:19:19, 0
2017-10-08 23:24:19, 0
2017-10-08 23:29:20, 0
2017-10-08 23:34:20, 0
2017-10-08 23:39:20, 0
2017-10-08 23:44:20, 0
2017-10-08 23:49:20, 0
2017-10-08 23:54:20, 0
2017-10-08 23:59:20, 0
2017-10-09 00:04:21, 0
2017-10-09 00:09:21, 0
2017-10-09 00:14:21, 0
2017-10-09 00:19:21, 0
2017-10-09 00:24:21, 0
2017-10-09 00:29:21, 0
2017-10-09 00:34:21, 0
2017-10-09 00:39:21, 0
2017-10-09 00:44:22, 0
2017-10-09 00:49:22, 0
2017-10-09 00:54:22, 0
2017-10-09 00:59:22, 0
2017-10-09 01:04:22, 0
2017-10-09 01:09:22, 0
2017-10-09 01:14:22, 0
2017-10-09 01:19:22, 0
2017-10-09 01:24:22, 0
2017-10-09 01:29:23, 0
2017-10-09 01:34:23, 0
2017-10-09 01:39:23, 0
2017-10-09 01:44:23, 0
2017-10-09 01:49:23, 0
2017-10-09 01:54:24, 0
2017-10-09 01:59:24, 0
2017-10-09 02:04:24, 0
2017-10-09 02:09:24, 0
2017-10-09 02:14:24, 0
2017-10-09 02:19:24, 0
2017-10-09 02:24:24, 0
2017-10-09 02:29:24, 0
2017-10-09 02:34:25, 0
2017-10-09 02:39:25, 0
2017-10-09 02:44:25, 0
2017-10-09 02:49:25, 0
2017-10-09 02:54:25, 0
2017-10-09 02:59:25, 0
2017-10-09 03:04:25, 0
2017-10-09 03:09:25, 0
2017-10-09 03:14:26, 0
2017-10-09 03:19:26, 0
2017-10-09 03:24:26, 0
2017-10-09 03:29:26, 0
2017-10-09 03:34:26, 0
2017-10-09 03:39:26, 0
2017-10-09 03:44:27, 0
2017-10-09 03:49:27, 0
2017-10-09 03:54:27, 0
2017-10-09 03:59:27, 0
2017-10-09 04:04:27, 0
2017-10-09 04:09:27, 0
2017-10-09 04:14:27, 0
2017-10-09 04:19:27, 0
2017-10-09 04:24:28, 0
2017-10-09 04:29:28, 0
2017-10-09 04:34:28, 0
2017-10-09 04:39:28, 0
2017-10-09 04:44:28, 0
2017-10-09 04:49:28, 0
2017-10-09 04:54:28, 0
2017-10-09 04:59:28, 0
2017-10-09 05:04:29, 0
2017-10-09 05:09:29, 0
2017-10-09 05:14:29, 0
2017-10-09 05:19:29, 0
2017-10-09 05:24:29, 0
2017-10-09 05:29:29, 0
2017-10-09 05:34:29, 0
2017-10-09 05:39:29, 0
2017-10-09 05:44:30, 0
2017-10-09 05:49:30, 0
2017-10-09 05:54:30, 0
2017-10-09 05:59:30, 0
2017-10-09 06:04:30, 0
2017-10-09 06:09:30, 0
2017-10-09 06:14:30, 0
2017-10-09 06:19:30, 0
2017-10-09 06:24:31, 0
2017-10-09 06:29:31, 0
2017-10-09 06:34:32, 5
2017-10-09 06:39:32, 15
2017-10-09 06:44:32, 18
2017-10-09 06:49:32, 21
2017-10-09 06:54:32, 27
2017-10-09 06:59:32, 33
2017-10-09 07:04:32, 40
2017-10-09 07:09:32, 50
2017-10-09 07:14:33, 50
2017-10-09 07:19:33, 53
2017-10-09 07:24:33, 56
2017-10-09 07:29:33, 54
2017-10-09 07:34:33, 58
2017-10-09 07:39:33, 56
2017-10-09 07:44:33, 55
2017-10-09 07:49:34, 57
2017-10-09 07:54:34, 55
2017-10-09 07:59:34, 53
2017-10-09 08:04:34, 55
2017-10-09 08:09:34, 53
2017-10-09 08:14:34, 51
2017-10-09 08:19:34, 45
2017-10-09 08:24:35, 47
2017-10-09 08:29:35, 58
2017-10-09 08:34:35, 60
2017-10-09 08:39:35, 58
2017-10-09 08:44:35, 58
2017-10-09 08:49:35, 56
2017-10-09 08:54:35, 55
2017-10-09 08:59:35, 55
2017-10-09 09:04:36, 51
2017-10-09 09:09:36, 56
2017-10-09 09:14:36, 52
2017-10-09 09:19:38, 54
2017-10-09 09:24:38, 52
2017-10-09 09:29:39, 53
2017-10-09 09:34:39, 48
2017-10-09 09:39:39, 48
2017-10-09 09:44:39, 48
2017-10-09 09:49:39, 44
2017-10-09 09:54:39, 39
2017-10-09 09:59:39, 41
2017-10-09 10:04:39, 36
2017-10-09 10:09:40, 39
2017-10-09 10:14:40, 39
2017-10-09 10:19:40, 38
2017-10-09 10:24:40, 43
2017-10-09 10:29:40, 46
2017-10-09 10:34:40, 47
2017-10-09 10:39:40, 43
2017-10-09 10:44:41, 41
2017-10-09 10:49:41, 37
2017-10-09 10:54:41, 33
2017-10-09 10:59:41, 29
2017-10-09 11:04:41, 34
2017-10-09 11:09:41, 39
2017-10-09 11:14:41, 44
2017-10-09 11:19:41, 44
2017-10-09 11:24:42, 44
2017-10-09 11:29:42, 35
2017-10-09 11:34:42, 36
2017-10-09 11:39:42, 38
2017-10-09 11:44:42, 33
2017-10-09 11:49:42, 32
2017-10-09 11:54:42, 30
2017-10-09 11:59:43, 20
2017-10-09 12:04:43, 21
2017-10-09 12:09:43, 24
2017-10-09 12:14:43, 29
2017-10-09 12:19:43, 24
2017-10-09 12:24:44, 25
2017-10-09 12:29:44, 23
2017-10-09 12:34:44, 23
2017-10-09 12:39:44, 24
2017-10-09 12:44:44, 24
2017-10-09 12:49:44, 21
2017-10-09 12:54:44, 19
2017-10-09 12:59:45, 17
2017-10-09 13:04:45, 15
2017-10-09 13:09:45, 16
2017-10-09 13:14:45, 22
2017-10-09 13:19:45, 29
2017-10-09 13:24:45, 35
2017-10-09 13:29:45, 32
2017-10-09 13:34:45, 32
2017-10-09 13:39:45, 31
2017-10-09 13:44:46, 35
2017-10-09 13:49:46, 33
2017-10-09 13:54:46, 34
2017-10-09 13:59:46, 32
2017-10-09 14:04:46, 34
2017-10-09 14:09:46, 32
2017-10-09 14:14:46, 28
2017-10-09 14:19:47, 27
2017-10-09 14:24:47, 27
2017-10-09 14:29:47, 31
2017-10-09 14:34:48, 32
2017-10-09 14:39:48, 31
2017-10-09 14:44:48, 30
2017-10-09 14:49:48, 26
2017-10-09 14:54:48, 27
2017-10-09 14:59:48, 28
2017-10-09 15:04:48, 24
2017-10-09 15:09:49, 28
2017-10-09 15:14:49, 35
2017-10-09 15:19:49, 37
2017-10-09 15:24:50, 38
2017-10-09 15:29:50, 37
2017-10-09 15:34:50, 38
2017-10-09 15:39:50, 40
2017-10-09 15:44:50, 38
2017-10-09 15:49:50, 43
2017-10-09 15:54:50, 46
2017-10-09 15:59:51, 47
2017-10-09 16:04:51, 49
2017-10-09 16:09:51, 51
2017-10-09 16:14:51, 57
2017-10-09 16:19:51, 59
2017-10-09 16:24:51, 63
2017-10-09 16:29:51, 66
2017-10-09 16:34:51, 65
2017-10-09 16:39:52, 64
2017-10-09 16:44:52, 64
2017-10-09 16:49:52, 62
2017-10-09 16:54:52, 54
2017-10-09 16:59:52, 54
2017-10-09 17:04:52, 58
2017-10-09 17:09:52, 58
2017-10-09 17:14:53, 57
2017-10-09 17:19:53, 65
2017-10-09 17:24:53, 73
2017-10-09 17:29:54, 75
2017-10-09 17:34:54, 79
2017-10-09 17:39:55, 87
2017-10-09 17:44:55, 85
2017-10-09 17:49:55, 82
2017-10-09 17:54:55, 76
2017-10-09 17:59:55, 77
2017-10-09 18:04:55, 73
2017-10-09 18:09:56, 83
2017-10-09 18:14:56, 86
2017-10-09 18:19:57, 85
2017-10-09 18:24:57, 78
2017-10-09 18:29:57, 83
2017-10-09 18:34:57, 81
2017-10-09 18:39:57, 78
2017-10-09 18:44:57, 72
2017-10-09 18:49:57, 67
2017-10-09 18:54:58, 66
2017-10-09 18:59:58, 61
2017-10-09 19:04:58, 62
2017-10-09 19:09:58, 68
2017-10-09 19:14:58, 67
2017-10-09 19:19:58, 65
2017-10-09 19:24:58, 65
2017-10-09 19:29:58, 69
2017-10-09 19:34:59, 66
2017-10-09 19:39:59, 73
2017-10-09 19:44:59, 74
2017-10-09 19:49:59, 73
2017-10-09 19:54:59, 74
2017-10-09 19:59:59, 75
2017-10-09 20:04:59, 70
2017-10-09 20:09:59, 74
2017-10-09 20:15:00, 76
2017-10-09 20:20:00, 77
2017-10-09 20:25:00, 75
2017-10-09 20:30:00, 75
2017-10-09 20:35:00, 78
2017-10-09 20:40:00, 77
2017-10-09 20:45:00, 75
2017-10-09 20:50:00, 80
2017-10-09 20:55:01, 76
2017-10-09 21:00:01, 79
2017-10-09 21:05:01, 80
2017-10-09 21:10:01, 80
2017-10-09 21:15:01, 79
2017-10-09 21:20:01, 76
2017-10-09 21:25:02, 81
2017-10-09 21:30:02, 82
2017-10-09 21:35:02, 78
2017-10-09 21:40:03, 80
2017-10-09 21:45:03, 76
2017-10-09 21:50:03, 72
2017-10-09 21:55:03, 66
2017-10-09 22:00:03, 64
2017-10-09 22:05:03, 56
2017-10-09 22:10:03, 50
2017-10-09 22:15:04, 47
2017-10-09 22:20:04, 36
2017-10-09 22:25:04, 28
2017-10-09 22:30:04, 14
2017-10-09 22:35:04, 15
2017-10-09 22:40:04, 0
2017-10-09 22:45:04, 0
2017-10-09 22:50:05, 0
2017-10-09 22:55:05, 0
2017-10-09 23:00:05, 0
2017-10-09 23:05:05, 0
2017-10-09 23:10:05, 0
2017-10-09 23:15:05, 0
2017-10-09 23:20:05, 0
2017-10-09 23:25:05, 0
2017-10-09 23:30:05, 0
2017-10-09 23:35:06, 0
2017-10-09 23:40:06, 0
2017-10-09 23:45:06, 0
2017-10-09 23:50:06, 0
2017-10-09 23:55:06, 0
2017-10-10 00:00:06, 0
2017-10-10 00:05:06, 0
2017-10-10 00:10:07, 0
2017-10-10 00:15:07, 0
2017-10-10 00:20:07, 0
2017-10-10 00:25:07, 0
2017-10-10 00:30:07, 0
2017-10-10 00:35:07, 0
2017-10-10 00:40:07, 0
2017-10-10 00:45:07, 0
2017-10-10 00:50:08, 0
2017-10-10 00:55:08, 1
2017-10-10 01:00:08, 1
2017-10-10 01:05:08, 1
2017-10-10 01:10:08, 1
2017-10-10 01:15:08, 1
2017-10-10 01:20:08, 1
2017-10-10 01:25:08, 1
2017-10-10 01:30:09, 0
2017-10-10 01:35:09, 0
2017-10-10 01:40:09, 0
2017-10-10 01:45:09, 0
2017-10-10 01:50:09, 0
2017-10-10 01:55:09, 0
2017-10-10 02:00:09, 0
2017-10-10 02:05:10, 0
2017-10-10 02:10:10, 0
2017-10-10 02:15:10, 0
2017-10-10 02:20:10, 0
2017-10-10 02:25:10, 0
2017-10-10 02:30:10, 0
2017-10-10 02:35:10, 0
2017-10-10 02:40:10, 0
2017-10-10 02:45:10, 0
2017-10-10 02:50:11, 0
2017-10-10 02:55:11, 0
2017-10-10 03:00:11, 0
2017-10-10 03:05:11, 0
2017-10-10 03:10:11, 0
2017-10-10 03:15:11, 0
2017-10-10 03:20:11, 0
2017-10-10 03:25:11, 0
2017-10-10 03:30:12, 0
2017-10-10 03:35:12, 0
2017-10-10 03:40:12, 0
2017-10-10 03:45:12, 0
2017-10-10 03:50:12, 0
2017-10-10 03:55:12, 0
2017-10-10 04:00:13, 0
2017-10-10 04:05:13, 0
2017-10-10 04:10:13, 0
2017-10-10 04:15:13, 0
2017-10-10 04:20:14, 0
2017-10-10 04:25:14, 0
2017-10-10 04:30:14, 0
2017-10-10 04:35:14, 0
2017-10-10 04:40:14, 0
2017-10-10 04:45:14, 0
2017-10-10 04:50:14, 0
2017-10-10 04:55:15, 0
2017-10-10 05:00:15, 0
2017-10-10 05:05:15, 0
2017-10-10 05:10:15, 0
2017-10-10 05:15:15, 0
2017-10-10 05:20:15, 0
2017-10-10 05:25:15, 0
2017-10-10 05:30:15, 0
2017-10-10 05:35:16, 0
2017-10-10 05:40:16, 0
2017-10-10 05:45:16, 0
2017-10-10 05:50:16, 0
2017-10-10 05:55:16, 0
2017-10-10 06:00:16, 0
2017-10-10 06:05:16, 0
2017-10-10 06:10:17, 0
2017-10-10 06:15:17, 0
2017-10-10 06:20:17, 0
2017-10-10 06:25:17, 0
2017-10-10 06:30:17, 1
2017-10-10 06:35:17, 8
2017-10-10 06:40:17, 14
2017-10-10 06:45:17, 18
2017-10-10 06:50:18, 20
2017-10-10 06:55:18, 23
2017-10-10 07:00:18, 29
2017-10-10 07:05:18, 30
2017-10-10 07:10:18, 29
2017-10-10 07:15:18, 35
2017-10-10 07:20:18, 35
2017-10-10 07:25:19, 35
2017-10-10 07:30:19, 35
2017-10-10 07:35:19, 37
2017-10-10 07:40:19, 38
2017-10-10 07:45:19, 40
2017-10-10 07:50:19, 44
2017-10-10 07:55:19, 55
2017-10-10 08:00:19, 57
2017-10-10 08:05:20, 56
2017-10-10 08:10:20, 54
2017-10-10 08:15:20, 54
2017-10-10 08:20:20, 51
2017-10-10 08:25:20, 45
2017-10-10 08:30:20, 44
2017-10-10 08:35:20, 46
2017-10-10 08:40:20, 39
2017-10-10 08:45:20, 44
2017-10-10 08:50:21, 46
2017-10-10 08:55:21, 46
2017-10-10 09:00:21, 43
2017-10-10 09:05:21, 40
2017-10-10 09:10:21, 40
2017-10-10 09:15:21, 40
2017-10-10 09:20:22, 41
2017-10-10 09:25:22, 45
2017-10-10 09:30:22, 45
2017-10-10 09:35:22, 47
2017-10-10 09:40:22, 47
2017-10-10 09:45:22, 51
2017-10-10 09:50:22, 53
2017-10-10 09:55:23, 53
2017-10-10 10:00:23, 55
2017-10-10 10:05:23, 55
2017-10-10 10:10:23, 53
2017-10-10 10:15:23, 53
2017-10-10 10:20:23, 51
2017-10-10 10:25:23, 45
2017-10-10 10:30:24, 36
2017-10-10 10:35:24, 37
2017-10-10 10:40:24, 42
2017-10-10 10:45:25, 45
2017-10-10 10:50:25, 44
2017-10-10 10:55:25, 43
2017-10-10 11:00:25, 37
2017-10-10 11:05:25, 39
2017-10-10 11:10:25, 38
2017-10-10 11:15:26, 44
2017-10-10 11:20:26, 44
2017-10-10 11:25:26, 46
2017-10-10 11:30:26, 43
2017-10-10 11:35:26, 35
2017-10-10 11:40:26, 37
2017-10-10 11:45:26, 32
2017-10-10 11:50:27, 34
2017-10-10 11:55:27, 36
2017-10-10 12:00:27, 35
2017-10-10 12:05:27, 32
2017-10-10 12:10:27, 32
2017-10-10 12:15:28, 31
2017-10-10 12:20:28, 32
2017-10-10 12:25:28, 29
2017-10-10 12:30:29, 29
2017-10-10 12:35:29, 27
2017-10-10 12:40:29, 29
2017-10-10 12:45:29, 28
2017-10-10 12:50:29, 30
2017-10-10 12:55:29, 34
2017-10-10 13:00:29, 35
2017-10-10 13:05:29, 28
2017-10-10 13:10:29, 30
2017-10-10 13:15:30, 39
2017-10-10 13:20:30, 37
2017-10-10 13:25:30, 37
2017-10-10 13:30:30, 35
2017-10-10 13:35:30, 38
2017-10-10 13:40:30, 36
2017-10-10 13:45:30, 39
2017-10-10 13:50:31, 31
2017-10-10 13:55:31, 23
2017-10-10 14:00:31, 24
2017-10-10 14:05:31, 24
2017-10-10 14:10:31, 22
2017-10-10 14:15:31, 28
2017-10-10 14:20:31, 28
2017-10-10 14:25:32, 32
2017-10-10 14:30:32, 32
2017-10-10 14:35:33, 32
2017-10-10 14:40:33, 32
2017-10-10 14:45:33, 31
2017-10-10 14:50:33, 31
2017-10-10 14:55:33, 29
2017-10-10 15:00:33, 32
2017-10-10 15:05:33, 31
2017-10-10 15:10:34, 34
2017-10-10 15:15:34, 41
2017-10-10 15:20:34, 39
2017-10-10 15:25:34, 42
2017-10-10 15:30:34, 48
2017-10-10 15:35:35, 49
2017-10-10 15:40:35, 51
2017-10-10 15:45:35, 55
2017-10-10 15:50:35, 53
2017-10-10 15:55:35, 55
2017-10-10 16:00:35, 49
2017-10-10 16:05:35, 46
2017-10-10 16:10:35, 51
2017-10-10 16:15:35, 53
2017-10-10 16:20:36, 53
2017-10-10 16:25:36, 53
2017-10-10 16:30:36, 56
2017-10-10 16:35:36, 65
2017-10-10 16:40:36, 64
2017-10-10 16:45:36, 57
2017-10-10 16:50:36, 53
2017-10-10 16:55:37, 46
2017-10-10 17:00:37, 41
2017-10-10 17:05:37, 43
2017-10-10 17:10:37, 52
2017-10-10 17:15:37, 62
2017-10-10 17:20:37, 71
2017-10-10 17:25:38, 73
2017-10-10 17:30:38, 80
2017-10-10 17:35:38, 83
2017-10-10 17:40:38, 89
2017-10-10 17:45:38, 90
2017-10-10 17:50:38, 91
2017-10-10 17:55:39, 88
2017-10-10 18:00:39, 88
2017-10-10 18:05:39, 86
2017-10-10 18:10:39, 85
2017-10-10 18:15:39, 89
2017-10-10 18:20:39, 83
2017-10-10 18:25:39, 72
2017-10-10 18:30:39, 78
2017-10-10 18:35:40, 80
2017-10-10 18:40:40, 75
2017-10-10 18:45:40, 75
2017-10-10 18:50:40, 74
2017-10-10 18:55:40, 71
2017-10-10 19:00:40, 67
2017-10-10 19:05:41, 67
2017-10-10 19:10:41, 70
2017-10-10 19:15:41, 71
2017-10-10 19:20:41, 70
2017-10-10 19:25:41, 71
2017-10-10 19:30:41, 67
2017-10-10 19:35:41, 65
2017-10-10 19:40:42, 65
2017-10-10 19:45:42, 62
2017-10-10 19:50:42, 61
2017-10-10 19:55:42, 61
2017-10-10 20:00:42, 59
2017-10-10 20:05:42, 67
2017-10-10 20:10:42, 67
2017-10-10 20:15:43, 63
2017-10-10 20:20:43, 70
2017-10-10 20:25:43, 70
2017-10-10 20:30:43, 70
2017-10-10 20:35:43, 65
2017-10-10 20:40:43, 70
2017-10-10 20:45:43, 70
2017-10-10 20:50:44, 79
2017-10-10 20:55:44, 80
2017-10-10 21:00:44, 75
2017-10-10 21:05:44, 78
2017-10-10 21:10:44, 78
2017-10-10 21:15:44, 84
2017-10-10 21:20:44, 81
2017-10-10 21:25:45, 83
2017-10-10 21:30:45, 77
2017-10-10 21:35:46, 77
2017-10-10 21:40:46, 80
2017-10-10 21:45:46, 80
2017-10-10 21:50:46, 78
2017-10-10 21:55:46, 77
2017-10-10 22:00:46, 74
2017-10-10 22:05:46, 66
2017-10-10 22:10:46, 62
2017-10-10 22:15:47, 60
2017-10-10 22:20:47, 45
2017-10-10 22:25:47, 27
2017-10-10 22:30:47, 22
2017-10-10 22:35:47, 0
2017-10-10 22:40:47, 0
2017-10-10 22:45:47, 0
2017-10-10 22:50:48, 0
2017-10-10 22:55:48, 0
2017-10-10 23:00:48, 0
2017-10-10 23:05:48, 0
2017-10-10 23:10:48, 3
2017-10-10 23:15:48, 3
2017-10-10 23:20:48, 3
2017-10-10 23:25:49, 3
2017-10-10 23:30:49, 3
2017-10-10 23:35:49, 3
2017-10-10 23:40:49, 3
2017-10-10 23:45:49, 3
2017-10-10 23:50:49, 3
2017-10-10 23:55:50, 3
2017-10-11 00:00:50, 3
2017-10-11 00:05:50, 3
2017-10-11 00:10:50, 3
2017-10-11 00:15:50, 3
2017-10-11 00:20:51, 3
2017-10-11 00:25:51, 2
2017-10-11 00:30:51, 2
2017-10-11 00:35:51, 2
2017-10-11 00:40:51, 2
2017-10-11 00:45:52, 2
2017-10-11 00:50:52, 2
2017-10-11 00:55:52, 2
2017-10-11 01:00:52, 2
2017-10-11 01:05:52, 2
2017-10-11 01:10:52, 2
2017-10-11 01:15:52, 2
2017-10-11 01:20:53, 2
2017-10-11 01:25:53, 2
2017-10-11 01:30:54, 2
2017-10-11 01:35:54, 2
2017-10-11 01:40:54, 2
2017-10-11 01:45:54, 0
2017-10-11 01:50:54, 0
2017-10-11 01:55:54, 0
2017-10-11 02:00:54, 0
2017-10-11 02:05:55, 0
2017-10-11 02:10:55, 0
2017-10-11 02:15:55, 0
2017-10-11 02:20:55, 0
2017-10-11 02:25:55, 0
2017-10-11 02:30:55, 0
2017-10-11 02:35:56, 0
2017-10-11 02:40:56, 0
2017-10-11 02:45:56, 0
2017-10-11 02:50:56, 0
2017-10-11 02:55:56, 0
2017-10-11 03:00:56, 0
2017-10-11 03:05:56, 0
2017-10-11 03:10:57, 0
2017-10-11 03:15:57, 0
2017-10-11 03:20:57, 0
2017-10-11 03:25:57, 0
2017-10-11 03:30:57, 0
2017-10-11 03:35:57, 0
2017-10-11 03:40:57, 0
2017-10-11 03:45:58, 0
2017-10-11 03:50:58, 0
2017-10-11 03:55:58, 0
2017-10-11 04:00:58, 0
2017-10-11 04:05:58, 0
2017-10-11 04:10:58, 0
2017-10-11 04:15:58, 0
2017-10-11 04:21:00, 0
2017-10-11 04:26:00, 0
2017-10-11 04:31:00, 0
2017-10-11 04:36:00, 0
2017-10-11 04:41:00, 0
2017-10-11 04:46:01, 0
2017-10-11 04:51:01, 0
2017-10-11 04:56:01, 0
2017-10-11 05:01:01, 0
2017-10-11 05:06:01, 0
2017-10-11 05:11:01, 0
2017-10-11 05:16:01, 0
2017-10-11 05:21:02, 0
2017-10-11 05:26:02, 0
2017-10-11 05:31:02, 0
2017-10-11 05:36:02, 0
2017-10-11 05:41:02, 0
2017-10-11 05:46:02, 0
2017-10-11 05:51:02, 0
2017-10-11 05:56:02, 0
2017-10-11 06:01:03, 0
2017-10-11 06:06:03, 0
2017-10-11 06:11:03, 0
2017-10-11 06:16:03, 0
2017-10-11 06:21:03, 0
2017-10-11 06:26:03, 0
2017-10-11 06:31:03, 4
2017-10-11 06:36:03, 9
2017-10-11 06:41:04, 11
2017-10-11 06:46:04, 14
2017-10-11 06:51:04, 18
2017-10-11 06:56:04, 23
2017-10-11 07:01:04, 30
2017-10-11 07:06:04, 37
2017-10-11 07:11:04, 41
2017-10-11 07:16:05, 38
2017-10-11 07:21:05, 41
2017-10-11 07:26:05, 44
2017-10-11 07:31:05, 44
2017-10-11 07:36:05, 43
2017-10-11 07:41:05, 45
2017-10-11 07:46:05, 43
2017-10-11 07:51:06, 41
2017-10-11 07:56:06, 36
2017-10-11 08:01:06, 39
2017-10-11 08:06:06, 32
2017-10-11 08:11:06, 32
2017-10-11 08:16:06, 31
2017-10-11 08:21:06, 30
2017-10-11 08:26:06, 35
2017-10-11 08:31:06, 35
2017-10-11 08:36:07, 34
2017-10-11 08:41:07, 33
2017-10-11 08:46:07, 31
2017-10-11 08:51:07, 32
2017-10-11 08:56:07, 33
2017-10-11 09:01:07, 30
2017-10-11 09:06:07, 34
2017-10-11 09:11:07, 34
2017-10-11 09:16:08, 34
2017-10-11 09:21:08, 35
2017-10-11 09:26:08, 37
2017-10-11 09:31:08, 39
2017-10-11 09:36:08, 42
2017-10-11 09:41:08, 39
2017-10-11 09:46:08, 40
2017-10-11 09:51:09, 41
2017-10-11 09:56:09, 40
2017-10-11 10:01:09, 41
2017-10-11 10:06:09, 39
2017-10-11 10:11:09, 45
2017-10-11 10:16:09, 46
2017-10-11 10:21:09, 44
2017-10-11 10:26:10, 37
2017-10-11 10:31:10, 35
2017-10-11 10:36:10, 33
2017-10-11 10:41:10, 36
2017-10-11 10:46:10, 35
2017-10-11 10:51:10, 35
2017-10-11 10:56:11, 35
2017-10-11 11:01:11, 39
2017-10-11 11:06:11, 36
2017-10-11 11:11:12, 36
2017-10-11 11:16:12, 36
2017-10-11 11:21:12, 40
2017-10-11 11:26:12, 42
2017-10-11 11:31:12, 48
2017-10-11 11:36:12, 45
2017-10-11 11:41:12, 47
2017-10-11 11:46:12, 46
2017-10-11 11:51:13, 45
2017-10-11 11:56:13, 39
2017-10-11 12:01:13, 36
2017-10-11 12:02:33, 34
2017-10-11 12:06:13, 35
2017-10-11 12:11:13, 37
2017-10-11 12:16:13, 39
2017-10-11 12:21:14, 39
2017-10-11 12:26:14, 32
2017-10-11 12:31:14, 35
2017-10-11 12:36:14, 37
2017-10-11 12:41:14, 38
2017-10-11 12:46:15, 36
2017-10-11 12:51:15, 38
2017-10-11 12:56:15, 36
2017-10-11 13:01:15, 33
2017-10-11 13:06:15, 31
2017-10-11 13:11:16, 36
2017-10-11 13:16:16, 43
2017-10-11 13:21:17, 48
2017-10-11 13:26:17, 48
2017-10-11 13:31:17, 53
2017-10-11 13:36:17, 52
2017-10-11 13:41:17, 45
2017-10-11 13:46:17, 47
2017-10-11 13:51:18, 49
2017-10-11 13:56:18, 46
2017-10-11 14:01:18, 51
2017-10-11 14:06:18, 56
2017-10-11 14:11:18, 55
2017-10-11 14:16:18, 54
2017-10-11 14:21:19, 53
2017-10-11 14:26:19, 57
2017-10-11 14:31:19, 57
2017-10-11 14:36:19, 56
2017-10-11 14:41:19, 57
2017-10-11 14:46:19, 61
2017-10-11 14:51:19, 66
2017-10-11 14:56:19, 62
2017-10-11 15:01:20, 58
2017-10-11 15:06:20, 59
2017-10-11 15:11:20, 55
2017-10-11 15:16:20, 56
2017-10-11 15:21:20, 57
2017-10-11 15:26:20, 54
2017-10-11 15:31:20, 59
2017-10-11 15:36:20, 57
2017-10-11 15:41:21, 63
2017-10-11 15:46:21, 60
2017-10-11 15:51:21, 60
2017-10-11 15:56:21, 63
2017-10-11 16:01:21, 60
2017-10-11 16:06:21, 62
2017-10-11 16:11:21, 66
2017-10-11 16:16:21, 68
2017-10-11 16:21:22, 69
2017-10-11 16:26:22, 72
2017-10-11 16:31:22, 68
2017-10-11 16:36:22, 69
2017-10-11 16:41:22, 65
2017-10-11 16:46:22, 63
2017-10-11 16:51:22, 69
2017-10-11 16:56:22, 65
2017-10-11 17:01:23, 66
2017-10-11 17:06:23, 67
2017-10-11 17:11:23, 68
2017-10-11 17:16:23, 76
2017-10-11 17:21:23, 64
2017-10-11 17:26:23, 62
2017-10-11 17:31:23, 60
2017-10-11 17:36:23, 57
2017-10-11 17:41:24, 55
2017-10-11 17:46:24, 53
2017-10-11 17:51:24, 51
2017-10-11 17:56:24, 56
2017-10-11 18:01:24, 58
2017-10-11 18:06:24, 56
2017-10-11 18:11:24, 53
2017-10-11 18:16:25, 53
2017-10-11 18:21:25, 51
2017-10-11 18:26:25, 51
2017-10-11 18:31:25, 53
2017-10-11 18:36:25, 60
2017-10-11 18:41:25, 61
2017-10-11 18:46:25, 53
2017-10-11 18:51:25, 56
2017-10-11 18:56:25, 52
2017-10-11 19:01:26, 57
2017-10-11 19:06:26, 65
2017-10-11 19:11:26, 62
2017-10-11 19:16:26, 62
2017-10-11 19:21:26, 64
2017-10-11 19:26:26, 67
2017-10-11 19:31:26, 69
2017-10-11 19:36:27, 71
2017-10-11 19:41:27, 72
2017-10-11 19:46:27, 81
2017-10-11 19:51:28, 79
2017-10-11 19:56:28, 81
2017-10-11 20:01:28, 86
2017-10-11 20:06:28, 84
2017-10-11 20:11:28, 77
2017-10-11 20:16:28, 61
2017-10-11 20:21:28, 59
2017-10-11 20:26:28, 61
2017-10-11 20:31:29, 56
2017-10-11 20:36:29, 56
2017-10-11 20:41:29, 52
2017-10-11 20:46:29, 52
2017-10-11 20:51:29, 49
2017-10-11 20:56:29, 45
2017-10-11 21:01:29, 44
2017-10-11 21:06:29, 44
2017-10-11 21:11:29, 49
2017-10-11 21:16:30, 54
2017-10-11 21:21:30, 54
2017-10-11 21:26:30, 52
2017-10-11 21:31:30, 57
2017-10-11 21:36:30, 56
2017-10-11 21:41:30, 56
2017-10-11 21:46:30, 54
2017-10-11 21:51:30, 56
2017-10-11 21:56:31, 50
2017-10-11 22:01:31, 50
2017-10-11 22:06:31, 39
2017-10-11 22:11:31, 38
2017-10-11 22:16:31, 34
2017-10-11 22:21:31, 22
2017-10-11 22:26:31, 12
2017-10-11 22:31:32, 4
2017-10-11 22:36:32, 0
2017-10-11 22:41:32, 0
2017-10-11 22:46:32, 0
2017-10-11 22:51:32, 0
2017-10-11 22:56:32, 0
2017-10-11 23:01:32, 0
2017-10-11 23:06:32, 0
2017-10-11 23:11:33, 0
2017-10-11 23:16:33, 0
2017-10-11 23:21:33, 0
2017-10-11 23:26:33, 0
2017-10-11 23:31:33, 0
2017-10-11 23:36:33, 0
2017-10-11 23:41:33, 0
2017-10-11 23:46:34, 0
2017-10-11 23:51:34, 0
2017-10-11 23:56:34, 0
2017-10-12 00:01:34, 0
2017-10-12 00:06:34, 0
2017-10-12 00:11:34, 0
2017-10-12 00:16:34, 0
2017-10-12 00:21:34, 0
2017-10-12 00:26:35, 0
2017-10-12 00:31:35, 0
2017-10-12 00:36:35, 0
2017-10-12 00:41:35, 0
2017-10-12 00:46:35, 0
2017-10-12 00:51:35, 0
2017-10-12 00:56:35, 0
2017-10-12 01:01:35, 0
2017-10-12 01:06:36, 0
2017-10-12 01:11:36, 0
2017-10-12 01:16:36, 1
2017-10-12 01:21:36, 1
2017-10-12 01:26:36, 1
2017-10-12 01:31:36, 1
2017-10-12 01:36:36, 1
2017-10-12 01:41:36, 1
2017-10-12 01:46:36, 1
2017-10-12 01:51:37, 0
2017-10-12 01:56:37, 0
2017-10-12 02:01:37, 0
2017-10-12 02:06:37, 0
2017-10-12 02:11:37, 0
2017-10-12 02:16:38, 0
2017-10-12 02:21:38, 0
2017-10-12 02:26:39, 0
2017-10-12 02:31:39, 0
2017-10-12 02:36:39, 0
2017-10-12 02:41:39, 0
2017-10-12 02:46:39, 0
2017-10-12 02:51:39, 0
2017-10-12 02:56:39, 0
2017-10-12 03:01:39, 0
2017-10-12 03:06:40, 0
2017-10-12 03:11:40, 0
2017-10-12 03:16:40, 0
2017-10-12 03:21:40, 0
2017-10-12 03:26:40, 0
2017-10-12 03:31:40, 0
2017-10-12 03:36:40, 0
2017-10-12 03:41:40, 0
2017-10-12 03:46:41, 0
2017-10-12 03:51:41, 0
2017-10-12 03:56:41, 0
2017-10-12 04:01:41, 0
2017-10-12 04:06:41, 0
2017-10-12 04:11:41, 0
2017-10-12 04:16:41, 0
2017-10-12 04:21:41, 0
2017-10-12 04:26:42, 0
2017-10-12 04:31:42, 0
2017-10-12 04:36:42, 0
2017-10-12 04:41:42, 0
2017-10-12 04:46:42, 0
2017-10-12 04:51:42, 0
2017-10-12 04:56:42, 0
2017-10-12 05:01:42, 0
2017-10-12 05:06:43, 0
2017-10-12 05:11:43, 0
2017-10-12 05:16:43, 0
2017-10-12 05:21:43, 0
2017-10-12 05:26:43, 0
2017-10-12 05:31:43, 0
2017-10-12 05:36:43, 0
2017-10-12 05:41:43, 0
2017-10-12 05:46:44, 0
2017-10-12 05:51:44, 0
2017-10-12 05:56:44, 0
2017-10-12 06:01:44, 0
2017-10-12 06:06:44, 0
2017-10-12 06:11:44, 0
2017-10-12 06:16:44, 0
2017-10-12 06:21:45, 0
2017-10-12 06:26:45, 0
2017-10-12 06:31:45, 1
2017-10-12 06:36:45, 8
2017-10-12 06:41:45, 11
2017-10-12 06:46:45, 12
2017-10-12 06:51:45, 16
2017-10-12 06:56:45, 19
2017-10-12 07:01:45, 26
2017-10-12 07:06:46, 31
2017-10-12 07:11:46, 32
2017-10-12 07:16:46, 32
2017-10-12 07:21:46, 39
2017-10-12 07:26:46, 38
2017-10-12 07:31:46, 36
2017-10-12 07:36:46, 33
2017-10-12 07:41:46, 27
2017-10-12 07:46:46, 31
2017-10-12 07:51:47, 30
2017-10-12 07:56:47, 26
2017-10-12 08:01:47, 27
2017-10-12 08:06:47, 25
2017-10-12 08:11:47, 25
2017-10-12 08:16:47, 24
2017-10-12 08:21:47, 29
2017-10-12 08:26:47, 27
2017-10-12 08:31:48, 24
2017-10-12 08:36:48, 24
2017-10-12 08:41:48, 24
2017-10-12 08:46:48, 24
2017-10-12 08:51:48, 22
2017-10-12 08:56:48, 24
2017-10-12 09:01:48, 26
2017-10-12 09:06:48, 24
2017-10-12 09:11:49, 30
2017-10-12 09:16:49, 31
2017-10-12 09:21:49, 30
2017-10-12 09:26:49, 35
2017-10-12 09:31:49, 46
2017-10-12 09:36:49, 49
2017-10-12 09:41:49, 48
2017-10-12 09:46:49, 43
2017-10-12 09:51:50, 41
2017-10-12 09:56:50, 40
2017-10-12 10:01:50, 42
2017-10-12 10:06:50, 41
2017-10-12 10:11:50, 43
2017-10-12 10:16:50, 42
2017-10-12 10:21:50, 42
2017-10-12 10:26:50, 41
2017-10-12 10:31:51, 25
2017-10-12 10:36:51, 30
2017-10-12 10:41:51, 31
2017-10-12 10:46:51, 33
2017-10-12 10:51:51, 27
2017-10-12 10:56:51, 31
2017-10-12 11:01:51, 31
2017-10-12 11:06:51, 33
2017-10-12 11:11:52, 34
2017-10-12 11:16:52, 34
2017-10-12 11:21:52, 34
2017-10-12 11:26:52, 34
2017-10-12 11:31:52, 38
2017-10-12 11:36:52, 38
2017-10-12 11:41:52, 37
2017-10-12 11:46:53, 32
2017-10-12 11:51:53, 32
2017-10-12 11:56:53, 29
2017-10-12 12:01:53, 33
2017-10-12 12:06:53, 33
2017-10-12 12:11:53, 30
2017-10-12 12:16:53, 31
2017-10-12 12:21:54, 38
2017-10-12 12:26:54, 38
2017-10-12 12:31:54, 39
2017-10-12 12:36:54, 39
2017-10-12 12:41:54, 37
2017-10-12 12:46:54, 35
2017-10-12 12:51:55, 34
2017-10-12 12:56:55, 33
2017-10-12 13:01:55, 30
2017-10-12 13:06:55, 36
2017-10-12 13:11:55, 31
2017-10-12 13:16:55, 36
2017-10-12 13:21:55, 33
2017-10-12 13:26:56, 38
2017-10-12 13:31:56, 32
2017-10-12 13:36:57, 30
2017-10-12 13:41:57, 29
2017-10-12 13:46:57, 28
2017-10-12 13:51:57, 30
2017-10-12 13:56:57, 25
2017-10-12 14:01:58, 28
2017-10-12 14:06:58, 23
2017-10-12 14:11:58, 21
2017-10-12 14:16:58, 18
2017-10-12 14:21:58, 19
2017-10-12 14:26:58, 17
2017-10-12 14:31:58, 13
2017-10-12 14:36:59, 14
2017-10-12 14:41:59, 13
2017-10-12 14:46:59, 10
2017-10-12 14:51:59, 10
2017-10-12 14:56:59, 9
2017-10-12 15:01:59, 12
2017-10-12 15:06:59, 13
2017-10-12 15:12:00, 11
2017-10-12 15:17:00, 17
2017-10-12 15:22:00, 15
2017-10-12 15:27:00, 14
2017-10-12 15:32:01, 15
2017-10-12 15:37:02, 16
2017-10-12 15:42:02, 19
2017-10-12 15:47:03, 21
2017-10-12 15:52:03, 23
2017-10-12 15:57:03, 25
2017-10-12 16:02:03, 27
2017-10-12 16:07:03, 30
2017-10-12 16:12:03, 41
2017-10-12 16:17:03, 43
2017-10-12 16:22:03, 52
2017-10-12 16:27:04, 53
2017-10-12 16:32:04, 58
2017-10-12 16:37:04, 57
2017-10-12 16:42:04, 56
2017-10-12 16:47:04, 54
2017-10-12 16:52:04, 53
2017-10-12 16:57:05, 49
2017-10-12 17:02:05, 48
2017-10-12 17:07:05, 50
2017-10-12 17:12:05, 55
2017-10-12 17:17:05, 62
2017-10-12 17:22:05, 64
2017-10-12 17:27:05, 61
2017-10-12 17:32:06, 63
2017-10-12 17:37:06, 65
2017-10-12 17:42:06, 67
2017-10-12 17:47:06, 72
2017-10-12 17:52:06, 69
2017-10-12 17:57:06, 74
2017-10-12 18:02:06, 73
2017-10-12 18:07:06, 76
2017-10-12 18:12:07, 82
2017-10-12 18:17:07, 84
2017-10-12 18:22:07, 83
2017-10-12 18:27:07, 80
2017-10-12 18:32:07, 73
2017-10-12 18:37:07, 71
2017-10-12 18:42:07, 70
2017-10-12 18:47:08, 76
2017-10-12 18:52:08, 70
2017-10-12 18:57:08, 60
2017-10-12 19:02:08, 58
2017-10-12 19:07:08, 65
2017-10-12 19:12:08, 68
2017-10-12 19:17:08, 66
2017-10-12 19:22:09, 64
2017-10-12 19:27:09, 67
2017-10-12 19:32:09, 61
2017-10-12 19:37:10, 56
2017-10-12 19:42:10, 57
2017-10-12 19:47:10, 54
2017-10-12 19:52:10, 56
2017-10-12 19:57:10, 58
2017-10-12 20:02:10, 59
2017-10-12 20:07:10, 58
2017-10-12 20:12:10, 54
2017-10-12 20:17:10, 57
2017-10-12 20:22:11, 62
2017-10-12 20:27:11, 56
2017-10-12 20:32:11, 54
2017-10-12 20:37:11, 50
2017-10-12 20:42:11, 56
2017-10-12 20:47:11, 59
2017-10-12 20:52:11, 59
2017-10-12 20:57:12, 56
2017-10-12 21:02:12, 53
2017-10-12 21:07:12, 49
2017-10-12 21:12:12, 49
2017-10-12 21:17:12, 52
2017-10-12 21:22:12, 50
2017-10-12 21:27:12, 50
2017-10-12 21:32:12, 57
2017-10-12 21:37:13, 57
2017-10-12 21:42:13, 55
2017-10-12 21:47:13, 51
2017-10-12 21:52:13, 48
2017-10-12 21:57:13, 46
2017-10-12 22:02:13, 41
2017-10-12 22:07:14, 25
2017-10-12 22:12:14, 20
2017-10-12 22:17:14, 18
2017-10-12 22:22:14, 14
2017-10-12 22:27:14, 6
2017-10-12 22:32:14, 1
2017-10-12 22:37:15, 1
2017-10-12 22:42:15, 0
2017-10-12 22:47:15, 1
2017-10-12 22:52:16, 1
2017-10-12 22:57:16, 0
2017-10-12 23:02:16, 0
2017-10-12 23:07:16, 0
2017-10-12 23:12:16, 0
2017-10-12 23:17:16, 0
2017-10-12 23:22:16, 0
2017-10-12 23:27:16, 0
2017-10-12 23:32:17, 0
2017-10-12 23:37:17, 0
2017-10-12 23:42:17, 0
2017-10-12 23:47:17, 0
2017-10-12 23:52:17, 0
2017-10-12 23:57:17, 0
2017-10-13 00:02:18, 0
2017-10-13 00:07:18, 0
2017-10-13 00:12:18, 0
2017-10-13 00:17:18, 0
2017-10-13 00:22:18, 0
2017-10-13 00:27:18, 0
2017-10-13 00:32:18, 0
2017-10-13 00:37:18, 0
2017-10-13 00:42:19, 0
